bay_code,bay_sample,date_set,YYYYMMDD_set,time_set,date_pulled,YYYYMMDD_pulled,time_pulled,time_soak_hr,trap,string,Sp_CommonName,Sp_ScientificName,SpCode,Taxa,carapace_width_mm,sex,fork_length_mm,unmeasured
GOATS,A,7/13/2020,20200713,1240,7/14/2020,20200714,1305,24.4166667,fukui,3,Red Rock Crab,Cancer Productus,CRABRR,invertebrate,94,M,,
GOATS,A,7/13/2020,20200713,1240,7/14/2020,20200714,1305,24.4166667,fukui,3,Red Rock Crab,Cancer Productus,CRABRR,invertebrate,111,M,,
GOATS,A,7/13/2020,20200713,1240,7/14/2020,20200714,1305,24.4166667,fukui,3,Graceful Rock Crab,Metacarcinus gracilis,CRABGRA,invertebrate,79,M,,
GOATS,A,7/13/2020,20200713,1240,7/14/2020,20200714,1305,24.4166667,fukui,3,Graceful Rock Crab,Metacarcinus gracilis,CRABGRA,invertebrate,75,M,,
GOATS,A,7/13/2020,20200713,1240,7/14/2020,20200714,1305,24.4166667,fukui,3,Graceful Rock Crab,Metacarcinus gracilis,CRABGRA,invertebrate,89,M,,
GOATS,A,7/13/2020,20200713,1240,7/14/2020,20200714,1305,24.4166667,fukui,3,Graceful Rock Crab,Metacarcinus gracilis,CRABGRA,invertebrate,81,M,,
GOATS,A,7/13/2020,20200713,1240,7/14/2020,20200714,1305,24.4166667,fukui,3,Spiny Dogfish,Squalus acanthias,DOGFISH,fish,NA,NA,551,
GOATS,A,7/13/2020,20200713,1240,7/14/2020,20200714,1305,24.4166667,fukui,1,Red Rock Crab,Cancer Productus,CRABRR,invertebrate,94,M,,
GOATS,A,7/13/2020,20200713,1240,7/14/2020,20200714,1305,24.4166667,fukui,1,Graceful Rock Crab,Metacarcinus gracilis,CRABGRA,invertebrate,74,M,,
GOATS,A,7/13/2020,20200713,1240,7/14/2020,20200714,1305,24.4166667,fukui,1,Graceful Rock Crab,Metacarcinus gracilis,CRABGRA,invertebrate,85,M,,
GOATS,A,7/13/2020,20200713,1240,7/14/2020,20200714,1305,24.4166667,fukui,1,Red Rock Crab,Cancer Productus,CRABRR,invertebrate,106,M,,
GOATS,A,7/13/2020,20200713,1240,7/14/2020,20200714,1305,24.4166667,fukui,1,Graceful Rock Crab,Metacarcinus gracilis,CRABGRA,invertebrate,81,M,,
GOATS,A,7/13/2020,20200713,1240,7/14/2020,20200714,1305,24.4166667,fukui,1,Graceful Rock Crab,Metacarcinus gracilis,CRABGRA,invertebrate,90,M,,
GOATS,A,7/13/2020,20200713,1240,7/14/2020,20200714,1305,24.4166667,fukui,1,Graceful Rock Crab,Metacarcinus gracilis,CRABGRA,invertebrate,71,M,,
GOATS,A,7/13/2020,20200713,1240,7/14/2020,20200714,1305,24.4166667,fukui,1,Graceful Rock Crab,Metacarcinus gracilis,CRABGRA,invertebrate,78,M,,
GOATS,A,7/13/2020,20200713,1240,7/14/2020,20200714,1305,24.4166667,fukui,1,Graceful Rock Crab,Metacarcinus gracilis,CRABGRA,invertebrate,83,M,,
GOATS,A,7/13/2020,20200713,1240,7/14/2020,20200714,1305,24.4166667,fukui,1,Graceful Rock Crab,Metacarcinus gracilis,CRABGRA,invertebrate,80,M,,
GOATS,A,7/13/2020,20200713,1240,7/14/2020,20200714,1305,24.4166667,fukui,1,Graceful Rock Crab,Metacarcinus gracilis,CRABGRA,invertebrate,80,M,,
GOATS,A,7/13/2020,20200713,1240,7/14/2020,20200714,1305,24.4166667,fukui,1,Graceful Rock Crab,Metacarcinus gracilis,CRABGRA,invertebrate,76,M,,
GOATS,A,7/13/2020,20200713,1240,7/14/2020,20200714,1305,24.4166667,fukui,3,Red Rock Crab,Cancer Productus,CRABRR,invertebrate,123,M,,
GOATS,A,7/13/2020,20200713,1240,7/14/2020,20200714,1305,24.4166667,fukui,3,Graceful Rock Crab,Metacarcinus gracilis,CRABGRA,invertebrate,81,M,,
GOATS,A,7/13/2020,20200713,1240,7/14/2020,20200714,1305,24.4166667,fukui,3,Graceful Rock Crab,Metacarcinus gracilis,CRABGRA,invertebrate,76,M,,
GOATS,A,7/13/2020,20200713,1240,7/14/2020,20200714,1305,24.4166667,fukui,3,Red Rock Crab,Cancer Productus,CRABRR,invertebrate,139,F,,
GOATS,A,7/13/2020,20200713,1240,7/14/2020,20200714,1305,24.4166667,fukui,3,Red Rock Crab,Cancer Productus,CRABRR,invertebrate,95,M,,
GOATS,A,7/13/2020,20200713,1240,7/14/2020,20200714,1305,24.4166667,fukui,3,Graceful Rock Crab,Metacarcinus gracilis,CRABGRA,invertebrate,91,M,,
GOATS,A,7/13/2020,20200713,1240,7/14/2020,20200714,1305,24.4166667,fukui,3,Graceful Rock Crab,Metacarcinus gracilis,CRABGRA,invertebrate,74,M,,
GOATS,A,7/13/2020,20200713,1240,7/14/2020,20200714,1305,24.4166667,fukui,3,Graceful Rock Crab,Metacarcinus gracilis,CRABGRA,invertebrate,82,M,,
GOATS,A,7/13/2020,20200713,1240,7/14/2020,20200714,1305,24.4166667,fukui,3,Red Rock Crab,Cancer Productus,CRABRR,invertebrate,132,F,,
GOATS,A,7/13/2020,20200713,1240,7/14/2020,20200714,1305,24.4166667,fukui,3,Red Rock Crab,Cancer Productus,CRABRR,invertebrate,96,M,,
GOATS,A,7/13/2020,20200713,1240,7/14/2020,20200714,1305,24.4166667,fukui,3,Red Rock Crab,Cancer Productus,CRABRR,invertebrate,130,M,,
GOATS,A,7/13/2020,20200713,1240,7/14/2020,20200714,1305,24.4166667,fukui,3,Graceful Rock Crab,Metacarcinus gracilis,CRABGRA,invertebrate,84,M,,
GOATS,A,7/13/2020,20200713,1240,7/14/2020,20200714,1305,24.4166667,fukui,3,Graceful Rock Crab,Metacarcinus gracilis,CRABGRA,invertebrate,85,M,,
GOATS,A,7/13/2020,20200713,1240,7/14/2020,20200714,1305,24.4166667,fukui,3,Graceful Rock Crab,Metacarcinus gracilis,CRABGRA,invertebrate,81,M,,
GOATS,A,7/13/2020,20200713,1240,7/14/2020,20200714,1305,24.4166667,fukui,3,Red Rock Crab,Cancer Productus,CRABRR,invertebrate,97,F,,
GOATS,A,7/13/2020,20200713,1240,7/14/2020,20200714,1305,24.4166667,fukui,3,Graceful Rock Crab,Metacarcinus gracilis,CRABGRA,invertebrate,80,M,,
GOATS,A,7/13/2020,20200713,1240,7/14/2020,20200714,1305,24.4166667,fukui,3,Graceful Rock Crab,Metacarcinus gracilis,CRABGRA,invertebrate,72,M,,
GOATS,A,7/13/2020,20200713,1240,7/14/2020,20200714,1305,24.4166667,fukui,3,Red Rock Crab,Cancer Productus,CRABRR,invertebrate,114,M,,
SODA,A,7/29/2020,20200729,1530,7/30/2020,20200730,1210,20.66667,fukui,2,Graceful Rock Crab,Metacarcinus gracilis,CRABGRA,invertebrate,61,F,,
SODA,A,7/29/2020,20200729,1530,7/30/2020,20200730,1210,20.66667,fukui,3,Staghorn Sculpin,Leptocottus armatus,SCULPSTG,fish,NA,NA,245,
SODA,A,7/29/2020,20200729,1530,7/30/2020,20200730,1210,20.66667,fukui,3,Graceful Rock Crab,Metacarcinus gracilis,CRABGRA,invertebrate,69,M,,
SODA,A,7/29/2020,20200729,1530,7/30/2020,20200730,1210,20.66667,fukui,3,Graceful Rock Crab,Metacarcinus gracilis,CRABGRA,invertebrate,74,M,,
SODA,A,7/29/2020,20200729,1530,7/30/2020,20200730,1210,20.66667,fukui,3,Graceful Rock Crab,Metacarcinus gracilis,CRABGRA,invertebrate,71,M,,
SODA,A,7/29/2020,20200729,1530,7/30/2020,20200730,1210,20.66667,fukui,3,Staghorn Sculpin,Leptocottus armatus,SCULPSTG,fish,NA,NA,273,
SODA,A,7/29/2020,20200729,1530,7/30/2020,20200730,1210,20.66667,fukui,3,Staghorn Sculpin,Leptocottus armatus,SCULPSTG,fish,NA,NA,292,
SODA,A,7/29/2020,20200729,1530,7/30/2020,20200730,1210,20.66667,fukui,3,Graceful Rock Crab,Metacarcinus gracilis,CRABGRA,invertebrate,76,M,,
SWAD,A,7/27/2020,20200727,1250,7/28/2020,20200728,950,21,fukui,1,Red Rock Crab,Cancer Productus,CRABRR,invertebrate,89,F,,
SWAD,A,7/27/2020,20200727,1250,7/28/2020,20200728,950,21,fukui,1,Staghorn Sculpin,Leptocottus armatus,SCULPSTG,fish,NA,NA,281,
SWAD,A,7/27/2020,20200727,1250,7/28/2020,20200728,950,21,fukui,1,Staghorn Sculpin,Leptocottus armatus,SCULPSTG,fish,NA,NA,232,
SWAD,A,7/27/2020,20200727,1250,7/28/2020,20200728,950,21,fukui,2,Red Rock Crab,Cancer Productus,CRABRR,invertebrate,138,M,,
SWAD,A,7/27/2020,20200727,1250,7/28/2020,20200728,950,21,fukui,2,Red Rock Crab,Cancer Productus,CRABRR,invertebrate,108,M,,
SWAD,A,7/27/2020,20200727,1250,7/28/2020,20200728,950,21,fukui,2,Red Rock Crab,Cancer Productus,CRABRR,invertebrate,149,M,,
SWAD,A,7/27/2020,20200727,1250,7/28/2020,20200728,950,21,fukui,2,Staghorn Sculpin,Leptocottus armatus,SCULPSTG,fish,NA,NA,295,
SWAD,A,7/27/2020,20200727,1250,7/28/2020,20200728,950,21,fukui,2,Red Rock Crab,Cancer Productus,CRABRR,invertebrate,104,NA,,
KLWA,A,7/27/2020,20200727,825,7/28/2020,20200728,730,23.083333,pot,1,Red Rock Crab,Cancer Productus,CRABRR,invertebrate,132,M,,
KLWA,A,7/27/2020,20200727,825,7/28/2020,20200728,730,23.08333,fukui,1,Red Rock Crab,Cancer Productus,CRABRR,invertebrate,142,M,,
KLWA,A,7/27/2020,20200727,825,7/28/2020,20200728,730,23.083327,fukui,1,Red Rock Crab,Cancer Productus,CRABRR,invertebrate,140,M,,
KLWA,A,7/27/2020,20200727,825,7/28/2020,20200728,730,23.083324,fukui,1,Staghorn Sculpin,Leptocottus armatus,SCULPSTG,fish,NA,NA,184,
KLWA,A,7/27/2020,20200727,825,7/28/2020,20200728,730,23.083321,fukui,2,Red Rock Crab,Cancer Productus,CRABRR,invertebrate,115,M,,
KLWA,A,7/27/2020,20200727,825,7/28/2020,20200728,730,23.083318,fukui,2,Red Rock Crab,Cancer Productus,CRABRR,invertebrate,132,M,,
KLWA,A,7/27/2020,20200727,825,7/28/2020,20200728,730,23.083315,fukui,2,Red Rock Crab,Cancer Productus,CRABRR,invertebrate,123,F,,
KLWA,A,7/27/2020,20200727,825,7/28/2020,20200728,730,23.083312,fukui,2,Red Rock Crab,Cancer Productus,CRABRR,invertebrate,94,M,,
KLWA,A,7/27/2020,20200727,825,7/28/2020,20200728,730,23.083309,fukui,2,Red Rock Crab,Cancer Productus,CRABRR,invertebrate,103,M,,
KLWA,A,7/27/2020,20200727,825,7/28/2020,20200728,730,23.083306,fukui,2,Red Rock Crab,Cancer Productus,CRABRR,invertebrate,121,M,,
KLWA,A,7/27/2020,20200727,825,7/28/2020,20200728,730,23.083303,fukui,2,Red Rock Crab,Cancer Productus,CRABRR,invertebrate,112,M,,
KLWA,A,7/27/2020,20200727,825,7/28/2020,20200728,730,23.0833,fukui,2,Staghorn Sculpin,Leptocottus armatus,SCULPSTG,fish,NA,NA,205,
KLWA,A,7/27/2020,20200727,825,7/28/2020,20200728,730,23.083297,fukui,2,Staghorn Sculpin,Leptocottus armatus,SCULPSTG,fish,NA,NA,178,
KLWA,A,7/27/2020,20200727,825,7/28/2020,20200728,730,23.083294,pot,3,Red Rock Crab,Cancer Productus,CRABRR,invertebrate,131,M,,
KLWA,A,7/27/2020,20200727,825,7/28/2020,20200728,730,23.083291,pot,3,Unidentified Sea Star,Asteroidea spp,STARUU,invertebrate,NA,NA,119,
KLWA,A,7/27/2020,20200727,825,7/28/2020,20200728,730,23.083288,pot,3,Red Rock Crab,Cancer Productus,CRABRR,invertebrate,137,M,,
KLWA,A,7/27/2020,20200727,825,7/28/2020,20200728,730,23.083285,fukui,3,Staghorn Sculpin,Leptocottus armatus,SCULPSTG,fish,NA,NA,213,
KLWA,A,7/27/2020,20200727,825,7/28/2020,20200728,730,23.083282,fukui,2,Staghorn Sculpin,Leptocottus armatus,SCULPSTG,fish,NA,NA,154,
KLWA,A,7/27/2020,20200727,825,7/28/2020,20200728,730,23.083279,fukui,3,Red Rock Crab,Cancer Productus,CRABRR,invertebrate,135,M,,
KLWA,A,7/27/2020,20200727,825,7/28/2020,20200728,730,23.083276,fukui,3,Red Rock Crab,Cancer Productus,CRABRR,invertebrate,109,M,,
KLWA,A,7/27/2020,20200727,825,7/28/2020,20200728,730,23.083273,fukui,2,Red Rock Crab,Cancer Productus,CRABRR,invertebrate,108,F,,
KLWA,A,7/27/2020,20200727,825,7/28/2020,20200728,730,23.08327,fukui,3,Red Rock Crab,Cancer Productus,CRABRR,invertebrate,136,M,,
KLWA,A,7/27/2020,20200727,825,7/28/2020,20200728,730,23.083267,fukui,3,Red Rock Crab,Cancer Productus,CRABRR,invertebrate,121,M,,
SHIN,A,7/27/2020,20200727,1000,7/28/2020,20200728,820,22.333333,pot,1,Helmet Crab,Telmessus cheiragonus,CRABHEL,invertebrate,72,M,,
SHIN,A,7/27/2020,20200727,1000,7/28/2020,20200728,820,22.333333,fukui,2,Graceful Rock Crab,Metacarcinus gracilis,CRABGRA,invertebrate,58,M,,
SHIN,A,7/27/2020,20200727,1000,7/28/2020,20200728,820,22.333333,fukui,2,Graceful Rock Crab,Metacarcinus gracilis,CRABGRA,invertebrate,61,F,,
SHIN,A,7/27/2020,20200727,1000,7/28/2020,20200728,820,22.333333,fukui,3,Staghorn Sculpin,Leptocottus armatus,SCULPSTG,fish,NA,NA,233,
FARA,A,7/28/2020,20200728,1600,7/29/2020,20200729,1600,24,fukui,2,Copper Rockfish,Sebastes caurinus,ROCKCOP,fish,NA,NA,291,
FARA,A,7/28/2020,20200728,1600,7/29/2020,20200729,1600,24,fukui,2,Copper Rockfish,Sebastes caurinus,ROCKCOP,fish,NA,NA,230,
FARA,A,7/28/2020,20200728,1600,7/29/2020,20200729,1600,24,fukui,2,Red Rock Crab,Cancer Productus,CRABRR,invertebrate,99,M,,
FARA,A,7/28/2020,20200728,1600,7/29/2020,20200729,1600,24,fukui,3,Copper Rockfish,Sebastes caurinus,ROCKCOP,fish,NA,NA,343,
FARA,A,7/28/2020,20200728,1600,7/29/2020,20200729,1600,24,fukui,3,Red Rock Crab,Cancer Productus,CRABRR,invertebrate,109,M,,
REFU,A,8/5/2020,20200805,1430,8/6/2020,20200806,1350,23.333333,fukui,1,Red Rock Crab,Cancer Productus,CRABRR,invertebrate,116,F,,
REFU,A,8/5/2020,20200805,1430,8/6/2020,20200806,1350,23.33333,fukui,1,Red Rock Crab,Cancer Productus,CRABRR,invertebrate,116,NA,,
REFU,A,8/5/2020,20200805,1430,8/6/2020,20200806,1350,23.333327,pot,3,Red Rock Crab,Cancer Productus,CRABRR,invertebrate,134,F,,
REFU,A,8/5/2020,20200805,1430,8/6/2020,20200806,1350,23.333324,fukui,3,Red Rock Crab,Cancer Productus,CRABRR,invertebrate,96,F,,
REFU,A,8/5/2020,20200805,1430,8/6/2020,20200806,1350,23.333321,fukui,3,Red Rock Crab,Cancer Productus,CRABRR,invertebrate,146,M,,
REFU,A,8/5/2020,20200805,1430,8/6/2020,20200806,1350,23.333318,fukui,3,Graceful Rock Crab,Metacarcinus gracilis,CRABGRA,invertebrate,80,M,,
REFU,A,8/5/2020,20200805,1430,8/6/2020,20200806,1350,23.333315,fukui,3,Graceful Rock Crab,Metacarcinus gracilis,CRABGRA,invertebrate,101,M,,
REFU,A,8/5/2020,20200805,1430,8/6/2020,20200806,1350,23.333312,fukui,3,Unidentified flat fish,Teleostei spp. ,FISHUU,fish,NA,NA,606,
REFU,A,8/5/2020,20200805,1430,8/6/2020,20200806,1350,23.333309,fukui,3,Graceful Rock Crab,Metacarcinus gracilis,CRABGRA,invertebrate,98,M,,
REFU,A,8/5/2020,20200805,1430,8/6/2020,20200806,1350,23.333306,fukui,3,Graceful Rock Crab,Metacarcinus gracilis,CRABGRA,invertebrate,84,M,,
REFU,A,8/5/2020,20200805,1430,8/6/2020,20200806,1350,23.333303,fukui,3,Graceful Rock Crab,Metacarcinus gracilis,CRABGRA,invertebrate,103,M,,
REFU,A,8/5/2020,20200805,1430,8/6/2020,20200806,1350,23.3333,fukui,3,Dungeness Crab,Metacarcinus magister,CRABDUN,invertebrate,157,M,,
REFU,A,8/5/2020,20200805,1430,8/6/2020,20200806,1350,23.333297,fukui,3,Red Rock Crab,Cancer Productus,CRABRR,invertebrate,126,M,,
REFU,A,8/5/2020,20200805,1430,8/6/2020,20200806,1350,23.333294,fukui,3,Red Rock Crab,Cancer Productus,CRABRR,invertebrate,122,F,,
REFU,A,8/5/2020,20200805,1430,8/6/2020,20200806,1350,23.333291,fukui,3,Red Rock Crab,Cancer Productus,CRABRR,invertebrate,122,F,,
REFU,A,8/5/2020,20200805,1430,8/6/2020,20200806,1350,23.333288,fukui,3,Red Rock Crab,Cancer Productus,CRABRR,invertebrate,174,M,,
REFU,A,8/5/2020,20200805,1430,8/6/2020,20200806,1350,23.333285,fukui,3,Dungeness Crab,Metacarcinus magister,CRABDUN,invertebrate,254,M,,
SFEI,A,7/7/2020,20200707,1500,7/8/2020,20200708,1140,20.666666,pot,1,English Sole,Parophrys vetulus,SOLEENG,fish,NA,NA,312,
SFEI,A,7/7/2020,20200707,1500,7/8/2020,20200708,1140,20.666666,pot,1,English Sole,Parophrys vetulus,SOLEENG,fish,NA,NA,293,
SFEI,A,7/7/2020,20200707,1500,7/8/2020,20200708,1140,20.666666,fukui,2,Staghorn Sculpin,Leptocottus armatus,SCULPSTG,fish,NA,NA,240,
SFEI,A,7/7/2020,20200707,1500,7/8/2020,20200708,1140,20.666666,fukui,3,Copper Rockfish,Sebastes caurinus,ROCKCOP,fish,NA,NA,382,
SFEI,A,7/7/2020,20200707,1500,7/8/2020,20200708,1140,20.666666,fukui,3,Copper Rockfish,Sebastes caurinus,ROCKCOP,fish,NA,NA,321,
SFEI,A,7/7/2020,20200707,1500,7/8/2020,20200708,1140,20.666666,fukui,3,Staghorn Sculpin,Leptocottus armatus,SCULPSTG,fish,NA,NA,205,
BLAQ,A,7/8/2020,20200708,1640,7/9/2020,20200709,1240,20,fukui,1,Decorator Crab,Oregonia gracilis,CRABDEC,fish,NA,NA,27,
BLAQ,A,7/8/2020,20200708,1640,7/9/2020,20200709,1240,20,fukui,1,Cresenct Gunnel,Pholis laeta,GUNNCRE,fish,NA,NA,190,
BLAQ,A,7/8/2020,20200708,1640,7/9/2020,20200709,1240,20,fukui,2,Copper Rockfish,Sebastes caurinus,ROCKCOP,fish,NA,NA,160,
NFEI,A,7/7/2020,20200707,1630,7/8/2020,20200708,1300,20.5,fukui,1,Red Rock Crab,Cancer Productus,CRABRR,invertebrate,140,M,,
NFEI,A,7/7/2020,20200707,1630,7/8/2020,20200708,1300,20.5,fukui,1,Red Rock Crab,Cancer Productus,CRABRR,invertebrate,108,M,,
NFEI,A,7/7/2020,20200707,1630,7/8/2020,20200708,1300,20.5,fukui,1,Red Rock Crab,Cancer Productus,CRABRR,invertebrate,112,M,,
NFEI,A,7/7/2020,20200707,1630,7/8/2020,20200708,1300,20.5,fukui,1,Red Rock Crab,Cancer Productus,CRABRR,invertebrate,132,M,,
NFEI,A,7/7/2020,20200707,1630,7/8/2020,20200708,1300,20.5,fukui,1,Red Rock Crab,Cancer Productus,CRABRR,invertebrate,127,M,,
NFEI,A,7/7/2020,20200707,1630,7/8/2020,20200708,1300,20.5,fukui,1,Red Rock Crab,Cancer Productus,CRABRR,invertebrate,114,M,,
NFEI,A,7/7/2020,20200707,1630,7/8/2020,20200708,1300,20.5,fukui,1,Red Rock Crab,Cancer Productus,CRABRR,invertebrate,127,M,,
NFEI,A,7/7/2020,20200707,1630,7/8/2020,20200708,1300,20.5,fukui,1,Roughback Sculpin,Chitonotus pugetensis,SCULRBCK,fish,NA,NA,252,
NFEI,A,7/7/2020,20200707,1630,7/8/2020,20200708,1300,20.5,fukui,1,Red Rock Crab,Cancer Productus,CRABRR,invertebrate,122,M,,
NFEI,A,7/7/2020,20200707,1630,7/8/2020,20200708,1300,20.5,fukui,1,Red Rock Crab,Cancer Productus,CRABRR,invertebrate,116,M,,
NFEI,A,7/7/2020,20200707,1630,7/8/2020,20200708,1300,20.5,fukui,1,Dungeness Crab,Metacarcinus magister,CRABDUN,invertebrate,153,M,,
NFEI,A,7/7/2020,20200707,1630,7/8/2020,20200708,1300,20.5,fukui,1,Red Rock Crab,Cancer Productus,CRABRR,invertebrate,114,M,,
NFEI,A,7/7/2020,20200707,1630,7/8/2020,20200708,1300,20.5,fukui,1,Roughback Sculpin,Chitonotus pugetensis,SCULRBCK,fish,NA,NA,242,
NFEI,A,7/7/2020,20200707,1630,7/8/2020,20200708,1300,20.5,fukui,2,Dungeness Crab,Metacarcinus magister,CRABDUN,invertebrate,149,M,,
NFEI,A,7/7/2020,20200707,1630,7/8/2020,20200708,1300,20.5,fukui,2,Dungeness Crab,Metacarcinus magister,CRABDUN,invertebrate,152,M,,
NFEI,A,7/7/2020,20200707,1630,7/8/2020,20200708,1300,20.5,fukui,2,Dungeness Crab,Metacarcinus magister,CRABDUN,invertebrate,137,M,,
NFEI,A,7/7/2020,20200707,1630,7/8/2020,20200708,1300,20.5,fukui,2,Dungeness Crab,Metacarcinus magister,CRABDUN,invertebrate,147,M,,
NFEI,A,7/7/2020,20200707,1630,7/8/2020,20200708,1300,20.5,fukui,2,Dungeness Crab,Metacarcinus magister,CRABDUN,invertebrate,170,M,,
NFEI,A,7/7/2020,20200707,1630,7/8/2020,20200708,1300,20.5,fukui,2,Dungeness Crab,Metacarcinus magister,CRABDUN,invertebrate,168,M,,
NFEI,A,7/7/2020,20200707,1630,7/8/2020,20200708,1300,20.5,fukui,2,Dungeness Crab,Metacarcinus magister,CRABDUN,invertebrate,150,M,,
NFEI,A,7/7/2020,20200707,1630,7/8/2020,20200708,1300,20.5,fukui,3,Red Rock Crab,Cancer Productus,CRABRR,invertebrate,129,M,,
GARC,A,7/8/2020,20200708,1430,7/9/2020,20200709,1130,21,fukui,1,Helmet Crab,Telmessus cheiragonus,CRABHEL,invertebrate,51,M,,
GARC,A,7/8/2020,20200708,1430,7/9/2020,20200709,1130,21,fukui,1,Helmet Crab,Telmessus cheiragonus,CRABHEL,invertebrate,54,F,,
GARC,A,7/8/2020,20200708,1430,7/9/2020,20200709,1130,21,fukui,2,Graceful Rock Crab,Metacarcinus gracilis,CRABGRA,invertebrate,101,M,,
CHUS,A,7/9/2020,20200709,1510,7/10/2020,20200710,1410,23,fukui,1,Graceful Rock Crab,Metacarcinus gracilis,CRABGRA,invertebrate,34,F,,
CHUS,A,7/9/2020,20200709,1510,7/10/2020,20200710,1410,23,fukui,1,Decorator Crab,Oregonia gracilis,CRABDEC,invertebrate,45,M,,
CHUS,A,7/9/2020,20200709,1510,7/10/2020,20200710,1410,23,fukui,1,Decorator Crab,Oregonia gracilis,CRABDEC,invertebrate,35,M,,
CHUS,A,7/9/2020,20200709,1510,7/10/2020,20200710,1410,23,fukui,2,Decorator Crab,Oregonia gracilis,CRABDEC,invertebrate,23,M,,
CHUS,A,7/9/2020,20200709,1510,7/10/2020,20200710,1410,23,fukui,2,Grunt Sculpin,Rhamphocottus richardsonii,SCULGRU,fish,NA,NA,76,
CHUS,A,7/9/2020,20200709,1510,7/10/2020,20200710,1410,23,fukui,2,Graceful Rock Crab,Metacarcinus gracilis,CRABGRA,invertebrate,50,M,,
CHUS,A,7/9/2020,20200709,1510,7/10/2020,20200710,1410,23,fukui,2,English Sole,Parophrys vetulus,SOLEENG,fish,NA,NA,113,
CHUS,A,7/9/2020,20200709,1510,7/10/2020,20200710,1410,23,fukui,2,Graceful Rock Crab,Metacarcinus gracilis,CRABGRA,invertebrate,49,M,,
CHUS,A,7/9/2020,20200709,1510,7/10/2020,20200710,1410,23,fukui,3,Decorator Crab,Oregonia gracilis,CRABDEC,invertebrate,38,M,,
CHUS,A,7/9/2020,20200709,1510,7/10/2020,20200710,1410,23,fukui,3,Decorator Crab,Oregonia gracilis,CRABDEC,invertebrate,21,F,,
NAUK,A,7/9/2020,20200709,1420,7/10/2020,20200710,1300,22.66666,fukui,1,Helmet Crab,Telmessus cheiragonus,CRABHEL,invertebrate,54,F,,
NAUK,A,7/9/2020,20200709,1420,7/10/2020,20200710,1300,22.66666,fukui,1,Helmet Crab,Telmessus cheiragonus,CRABHEL,invertebrate,51,M,,
NAUK,A,7/9/2020,20200709,1420,7/10/2020,20200710,1300,22.66666,fukui,1,Helmet Crab,Telmessus cheirgonus,CRABHEL,invertebrate,52,F,,
NAUK,A,7/9/2020,20200709,1420,7/10/2020,20200710,1300,22.66666,fukui,1,Helmet Crab,Telmessus cheirgonus,CRABHEL,invertebrate,59,M,,
NAUK,A,7/9/2020,20200709,1420,7/10/2020,20200710,1300,22.66666,fukui,1,Helmet Crab,Telmessus cheirgonus,CRABHEL,invertebrate,46,F,,
NAUK,A,7/9/2020,20200709,1420,7/10/2020,20200710,1300,22.66666,fukui,2,Buffalo Sculpin,Enophrys bison,SCULBUF,fish,NA,NA,236,
NAUK,A,7/9/2020,20200709,1420,7/10/2020,20200710,1300,22.66666,fukui,2,Decorator Crab,Oregonia gracilis,CRABDEC,invertebrate,31,F,,
NAUK,A,7/9/2020,20200709,1420,7/10/2020,20200710,1300,22.66666,fukui,2,Decorator Crab,Oregonia gracilis,CRABDEC,invertebrate,39,F,,
NAUK,A,7/9/2020,20200709,1420,7/10/2020,20200710,1300,22.66666,fukui,2,Decorator Crab,Oregonia gracilis,CRABDEC,invertebrate,34,M,,
NAUK,A,7/9/2020,20200709,1420,7/10/2020,20200710,1300,22.66666,fukui,2,Decorator Crab,Oregonia gracilis,CRABDEC,invertebrate,44,F,,
NAUK,A,7/9/2020,20200709,1420,7/10/2020,20200710,1300,22.66666,fukui,2,Decorator Crab,Oregonia gracilis,CRABDEC,invertebrate,39,M,,
NAUK,A,7/9/2020,20200709,1420,7/10/2020,20200710,1300,22.66666,fukui,2,Helmet Crab,Telmessus cheirgonus,CRABHEL,invertebrate,50,M,,
NAUK,A,7/9/2020,20200709,1420,7/10/2020,20200710,1300,22.66666,fukui,2,Helmet Crab,Telmessus cheirgonus,CRABHEL,invertebrate,63,M,,
NAUK,A,7/9/2020,20200709,1420,7/10/2020,20200710,1300,22.66666,fukui,3,Decorator Crab,Oregonia gracilis,CRABDEC,invertebrate,51,F,,
KAGK,A,7/10/2020,20200710,1530,7/11/2020,20200711,1630,23,fukui,1,Decorator Crab,Oregonia gracilis,CRABDEC,invertebrate,35,M,,
KAGK,A,7/10/2020,20200710,1530,7/11/2020,20200711,1630,23,fukui,3,Decorator Crab,Oregonia gracilis,CRABDEC,invertebrate,36,F,,
KAGK,A,7/10/2020,20200710,1530,7/11/2020,20200711,1630,23,fukui,3,Decorator Crab,Oregonia gracilis,CRABDEC,invertebrate,41,M,,
KAGK,A,7/10/2020,20200710,1530,7/11/2020,20200711,1630,23,fukui,3,Decorator Crab,Oregonia gracilis,CRABDEC,invertebrate,41,F,,
KAGK,A,7/10/2020,20200710,1530,7/11/2020,20200711,1630,23,fukui,3,Decorator Crab,Oregonia gracilis,CRABDEC,invertebrate,35,M,,
GUKT,A,7/10/2020,20200710,1620,7/11/2020,20200711,1520,23,fukui,2,Graceful Rock Crab,Metacarcinus gracilis,CRABGRA,invertebrate,56,M,,
GUKT,A,7/10/2020,20200710,1620,7/11/2020,20200711,1520,23,fukui,3,Decorator Crab,Oregonia gracilis,CRABDEC,invertebrate,35,F,,
GUKT,A,7/10/2020,20200710,1620,7/11/2020,20200711,1520,23,fukui,3,English Sole,Parophrys vetulus,SOLEENG,fish,NA,NA,261,
GUKT,A,7/10/2020,20200710,1620,7/11/2020,20200711,1520,23,fukui,3,Graceful Rock Crab,Metacarcinus gracilis,CRABGRA,invertebrate,52,M,,
GUKT,A,7/10/2020,20200710,1620,7/11/2020,20200711,1520,23,fukui,3,Graceful Rock Crab,Metacarcinus gracilis,CRABGRA,invertebrate,54,M,,
GUKT,A,7/10/2020,20200710,1620,7/11/2020,20200711,1520,23,fukui,3,Graceful Rock Crab,Metacarcinus gracilis,CRABGRA,invertebrate,64,M,,
SALA,A,7/11/2020,20200711,1240,7/12/2020,20200712,1440,26,fukui,1,Graceful Rock Crab,Metacarcinus gracilis,CRABGRA,invertebrate,66,M,,
SALA,A,7/11/2020,20200711,1240,7/12/2020,20200712,1440,26,fukui,1,Graceful Rock Crab,Metacarcinus gracilis,CRABGRA,invertebrate,66,M,,
SALA,A,7/11/2020,20200711,1240,7/12/2020,20200712,1440,26,fukui,1,Graceful Rock Crab,Metacarcinus gracilis,CRABGRA,invertebrate,63,M,,
SALA,A,7/11/2020,20200711,1240,7/12/2020,20200712,1440,26,fukui,1,Graceful Rock Crab,Metacarcinus gracilis,CRABGRA,invertebrate,53,M,,
SALA,A,7/11/2020,20200711,1240,7/12/2020,20200712,1440,26,fukui,1,Graceful Rock Crab,Metacarcinus gracilis,CRABGRA,invertebrate,55,M,,
SALA,A,7/11/2020,20200711,1240,7/12/2020,20200712,1440,26,fukui,1,Graceful Rock Crab,Metacarcinus gracilis,CRABGRA,invertebrate,62,M,,
SALA,A,7/11/2020,20200711,1240,7/12/2020,20200712,1440,26,fukui,1,Staghorn Sculpin,Leptocottus armatus,SCULPSTG,invertebrate,NA,NA,235,
SALA,A,7/11/2020,20200711,1240,7/12/2020,20200712,1440,26,fukui,1,Staghorn Sculpin,Leptocottus armatus,SCULPSTG,invertebrate,NA,NA,256,
SALA,A,7/11/2020,20200711,1240,7/12/2020,20200712,1440,26,fukui,1,Staghorn Sculpin,Leptocottus armatus,SCULPSTG,invertebrate,NA,NA,143,
SALA,A,7/11/2020,20200711,1240,7/12/2020,20200712,1440,26,fukui,1,Staghorn Sculpin,Leptocottus armatus,SCULPSTG,invertebrate,NA,NA,252,
SALA,A,7/11/2020,20200711,1240,7/12/2020,20200712,1440,26,fukui,2,Staghorn Sculpin,Leptocottus armatus,SCULPSTG,invertebrate,NA,NA,229,
SALA,A,7/11/2020,20200711,1240,7/12/2020,20200712,1440,26,fukui,2,Staghorn Sculpin,Leptocottus armatus,SCULPSTG,invertebrate,NA,NA,233,
SALA,A,7/11/2020,20200711,1240,7/12/2020,20200712,1440,26,fukui,2,Graceful Rock Crab,Metacarcinus gracilis,CRABGRA,invertebrate,51,M,,
SALA,A,7/11/2020,20200711,1240,7/12/2020,20200712,1440,26,fukui,2,Graceful Rock Crab,Metacarcinus gracilis,CRABGRA,invertebrate,50,F,,
SALA,A,7/11/2020,20200711,1240,7/12/2020,20200712,1440,26,fukui,2,Graceful Rock Crab,Metacarcinus gracilis,CRABGRA,invertebrate,67,M,,
SALA,A,7/11/2020,20200711,1240,7/12/2020,20200712,1440,26,fukui,2,Graceful Rock Crab,Metacarcinus gracilis,CRABGRA,invertebrate,67,M,,
SALA,A,7/11/2020,20200711,1240,7/12/2020,20200712,1440,26,fukui,2,Graceful Rock Crab,Metacarcinus gracilis,CRABGRA,invertebrate,63,M,,
SALA,A,7/11/2020,20200711,1240,7/12/2020,20200712,1440,26,fukui,2,Graceful Rock Crab,Metacarcinus gracilis,CRABGRA,invertebrate,52,M,,
SALA,A,7/11/2020,20200711,1240,7/12/2020,20200712,1440,26,fukui,2,Graceful Rock Crab,Metacarcinus gracilis,CRABGRA,invertebrate,56,M,,
SALA,A,7/11/2020,20200711,1240,7/12/2020,20200712,1440,26,fukui,2,Graceful Rock Crab,Metacarcinus gracilis,CRABGRA,invertebrate,53,M,,
SALA,A,7/11/2020,20200711,1240,7/12/2020,20200712,1440,26,fukui,2,Graceful Rock Crab,Metacarcinus gracilis,CRABGRA,invertebrate,54,M,,
SALA,A,7/11/2020,20200711,1240,7/12/2020,20200712,1440,26,fukui,3,Decorator Crab,Oregonia gracilis,CRABDEC,invertebrate,18,F,,
SALA,A,7/11/2020,20200711,1240,7/12/2020,20200712,1440,26,fukui,3,Graceful Rock Crab,Metacarcinus gracilis,CRABGRA,invertebrate,51,F,,
SALA,A,7/11/2020,20200711,1240,7/12/2020,20200712,1440,26,fukui,3,Graceful Rock Crab,Metacarcinus gracilis,CRABGRA,invertebrate,74,M,,
SALA,A,7/11/2020,20200711,1240,7/12/2020,20200712,1440,26,fukui,3,Graceful Rock Crab,Metacarcinus gracilis,CRABGRA,invertebrate,59,M,,
SALA,A,7/11/2020,20200711,1240,7/12/2020,20200712,1440,26,fukui,3,Graceful Rock Crab,Metacarcinus gracilis,CRABGRA,invertebrate,53,F,,
SALA,A,7/11/2020,20200711,1240,7/12/2020,20200712,1440,26,fukui,3,Graceful Rock Crab,Metacarcinus gracilis,CRABGRA,invertebrate,75,M,,
SALA,A,7/11/2020,20200711,1240,7/12/2020,20200712,1440,26,fukui,3,Graceful Rock Crab,Metacarcinus gracilis,CRABGRA,invertebrate,60,M,,
SALA,A,7/11/2020,20200711,1240,7/12/2020,20200712,1440,26,fukui,3,Graceful Rock Crab,Metacarcinus gracilis,CRABGRA,invertebrate,55,M,,
SALA,A,7/11/2020,20200711,1240,7/12/2020,20200712,1440,26,fukui,3,Graceful Rock Crab,Metacarcinus gracilis,CRABGRA,invertebrate,59,M,,
SALA,A,7/11/2020,20200711,1240,7/12/2020,20200712,1440,26,fukui,3,Graceful Rock Crab,Metacarcinus gracilis,CRABGRA,invertebrate,51,M,,
SALA,A,7/11/2020,20200711,1240,7/12/2020,20200712,1440,26,fukui,3,Graceful Rock Crab,Metacarcinus gracilis,CRABGRA,invertebrate,51,M,,
SALA,A,7/11/2020,20200711,1240,7/12/2020,20200712,1440,26,fukui,3,Graceful Rock Crab,Metacarcinus gracilis,CRABGRA,invertebrate,69,M,,
SALA,A,7/11/2020,20200711,1240,7/12/2020,20200712,1440,26,fukui,3,Graceful Rock Crab,Metacarcinus gracilis,CRABGRA,invertebrate,56,M,,
SALA,A,7/11/2020,20200711,1240,7/12/2020,20200712,1440,26,fukui,3,Staghorn Sculpin,Leptocottus armatus,SCULPSTG,invertebrate,NA,NA,247,
SALA,A,7/11/2020,20200711,1240,7/12/2020,20200712,1440,26,fukui,3,Graceful Rock Crab,Metacarcinus gracilis,CRABGRA,invertebrate,68,M,,
SALA,A,7/11/2020,20200711,1240,7/12/2020,20200712,1440,26,fukui,3,Graceful Rock Crab,Metacarcinus gracilis,CRABGRA,invertebrate,69,M,,
SALA,A,7/11/2020,20200711,1240,7/12/2020,20200712,1440,26,fukui,3,Graceful Rock Crab,Metacarcinus gracilis,CRABGRA,invertebrate,44,F,,
SALA,A,7/11/2020,20200711,1240,7/12/2020,20200712,1440,26,fukui,3,Graceful Rock Crab,Metacarcinus gracilis,CRABGRA,invertebrate,70,M,,
SALA,A,7/11/2020,20200711,1240,7/12/2020,20200712,1440,26,fukui,3,Graceful Rock Crab,Metacarcinus gracilis,CRABGRA,invertebrate,66,M,,
SALA,A,7/11/2020,20200711,1240,7/12/2020,20200712,1440,26,fukui,3,Graceful Rock Crab,Metacarcinus gracilis,CRABGRA,invertebrate,62,M,,
SALA,A,7/11/2020,20200711,1240,7/12/2020,20200712,1440,26,fukui,3,Graceful Rock Crab,Metacarcinus gracilis,CRABGRA,invertebrate,52,M,,
SALA,A,7/11/2020,20200711,1240,7/12/2020,20200712,1440,26,fukui,3,Graceful Rock Crab,Metacarcinus gracilis,CRABGRA,invertebrate,56,M,,
SALA,A,7/11/2020,20200711,1240,7/12/2020,20200712,1440,26,fukui,3,Graceful Rock Crab,Metacarcinus gracilis,CRABGRA,invertebrate,61,M,,
SALA,A,7/11/2020,20200711,1240,7/12/2020,20200712,1440,26,fukui,3,Graceful Rock Crab,Metacarcinus gracilis,CRABGRA,invertebrate,51,M,,
SALA,A,7/11/2020,20200711,1240,7/12/2020,20200712,1440,26,fukui,3,Graceful Rock Crab,Metacarcinus gracilis,CRABGRA,invertebrate,59,F,,
SALA,A,7/11/2020,20200711,1240,7/12/2020,20200712,1440,26,fukui,3,Graceful Rock Crab,Metacarcinus gracilis,CRABGRA,invertebrate,67,M,,
SALA,A,7/11/2020,20200711,1240,7/12/2020,20200712,1440,26,fukui,3,Graceful Rock Crab,Metacarcinus gracilis,CRABGRA,invertebrate,55,M,,
SALA,A,7/11/2020,20200711,1240,7/12/2020,20200712,1440,26,fukui,3,Staghorn Sculpin,Leptocottus armatus,SCULPSTG,invertebrate,NA,NA,236,
SALA,A,7/11/2020,20200711,1240,7/12/2020,20200712,1440,26,fukui,3,Graceful Rock Crab,Metacarcinus gracilis,CRABGRA,invertebrate,58,F,,
SALA,A,7/11/2020,20200711,1240,7/12/2020,20200712,1440,26,fukui,3,Graceful Rock Crab,Metacarcinus gracilis,CRABGRA,invertebrate,66,M,,
SALA,A,7/11/2020,20200711,1240,7/12/2020,20200712,1440,26,fukui,3,Graceful Rock Crab,Metacarcinus gracilis,CRABGRA,invertebrate,67,M,,
SALA,A,7/11/2020,20200711,1240,7/12/2020,20200712,1440,26,fukui,3,Graceful Rock Crab,Metacarcinus gracilis,CRABGRA,invertebrate,65,M,,
SALA,A,7/11/2020,20200711,1240,7/12/2020,20200712,1440,26,fukui,3,Graceful Rock Crab,Metacarcinus gracilis,CRABGRA,invertebrate,62,M,,
SALA,A,7/11/2020,20200711,1240,7/12/2020,20200712,1440,26,fukui,3,Graceful Rock Crab,Metacarcinus gracilis,CRABGRA,invertebrate,69,M,,
SALA,A,7/11/2020,20200711,1240,7/12/2020,20200712,1440,26,fukui,3,Graceful Rock Crab,Metacarcinus gracilis,CRABGRA,invertebrate,71,M,,
SALA,A,7/11/2020,20200711,1240,7/12/2020,20200712,1440,26,fukui,3,Graceful Rock Crab,Metacarcinus gracilis,CRABGRA,invertebrate,82,M,,
SALA,A,7/11/2020,20200711,1240,7/12/2020,20200712,1440,26,fukui,3,Graceful Rock Crab,Metacarcinus gracilis,CRABGRA,invertebrate,73,M,,
SALA,A,7/11/2020,20200711,1240,7/12/2020,20200712,1440,26,fukui,3,Graceful Rock Crab,Metacarcinus gracilis,CRABGRA,invertebrate,66,M,,
SALA,A,7/11/2020,20200711,1240,7/12/2020,20200712,1440,26,fukui,3,Graceful Rock Crab,Metacarcinus gracilis,CRABGRA,invertebrate,74,M,,
SALA,A,7/11/2020,20200711,1240,7/12/2020,20200712,1440,26,fukui,3,Graceful Rock Crab,Metacarcinus gracilis,CRABGRA,invertebrate,63,M,,
SALA,A,7/11/2020,20200711,1240,7/12/2020,20200712,1440,26,fukui,3,Graceful Rock Crab,Metacarcinus gracilis,CRABGRA,invertebrate,51,M,,
SALA,A,7/11/2020,20200711,1240,7/12/2020,20200712,1440,26,fukui,3,Graceful Rock Crab,Metacarcinus gracilis,CRABGRA,invertebrate,51,M,,
SALA,A,7/11/2020,20200711,1240,7/12/2020,20200712,1440,26,fukui,3,Graceful Rock Crab,Metacarcinus gracilis,CRABGRA,invertebrate,53,M,,
SALA,A,7/11/2020,20200711,1240,7/12/2020,20200712,1440,26,fukui,3,Graceful Rock Crab,Metacarcinus gracilis,CRABGRA,invertebrate,71,M,,
SALA,A,7/11/2020,20200711,1240,7/12/2020,20200712,1440,26,fukui,3,Graceful Rock Crab,Metacarcinus gracilis,CRABGRA,invertebrate,52,M,,
HECA,A,7/11/2020,20200711,1920,7/12/2020,20200712,1640,21.33333,fukui,1,Decorator Crab,Oregonia gracilis,CRABDEC,invertebrate,24,M,,
HECA,A,7/11/2020,20200711,1920,7/12/2020,20200712,1640,21.33333,fukui,2,Helmet Crab,Telmessus cheiragonus,CRABHEL,invertebrate,52,F,,
HECA,A,7/11/2020,20200711,1920,7/12/2020,20200712,1640,21.33333,fukui,2,Staghorn Sculpin,Leptocottus armatus,SCULPSTG,fish,NA,NA,184,
HECA,A,7/11/2020,20200711,1920,7/12/2020,20200712,1640,21.33333,fukui,2,Graceful Rock Crab,Metacarcinus gracilis,CRABGRA,invertebrate,53,M,,
HECA,A,7/11/2020,20200711,1920,7/12/2020,20200712,1640,21.33333,fukui,3,Graceful Rock Crab,Metacarcinus gracilis,CRABGRA,invertebrate,35,M,,
HECA,A,7/11/2020,20200711,1920,7/12/2020,20200712,1640,21.33333,fukui,3,Graceful Rock Crab,Metacarcinus gracilis,CRABGRA,invertebrate,55,M,,
HECA,A,7/11/2020,20200711,1920,7/12/2020,20200712,1640,21.33333,fukui,3,Graceful Rock Crab,Metacarcinus gracilis,CRABGRA,invertebrate,45,F,,
HECA,A,7/11/2020,20200711,1920,7/12/2020,20200712,1640,21.33333,fukui,3,Graceful Rock Crab,Metacarcinus gracilis,CRABGRA,invertebrate,38,M,,
NOSK,A,7/11/2020,20200711,1820,7/12/2020,20200712,1530,21.166666,fukui,1,English Sole,Parophrys vetulus,SOLEENG,fish,NA,NA,148,
NOSK,A,7/11/2020,20200711,1820,7/12/2020,20200712,1530,21.166667,fukui,2,Graceful Rock Crab,Metacarcinus gracilis,CRABGRA,invertebrate,54,F,,
NOSK,A,7/11/2020,20200711,1820,7/12/2020,20200712,1530,21.166668,fukui,2,Graceful Rock Crab,Metacarcinus gracilis,CRABGRA,invertebrate,41,F,,
NOSK,A,7/11/2020,20200711,1820,7/12/2020,20200712,1530,21.166669,fukui,3,Decorator Crab,Oregonia gracilis,CRABDEC,invertebrate,49,M,,
NOSK,A,7/11/2020,20200711,1820,7/12/2020,20200712,1530,21.16667,fukui,3,Decorator Crab,Oregonia gracilis,CRABDEC,invertebrate,61,M,,
NOSK,A,7/11/2020,20200711,1820,7/12/2020,20200712,1530,21.166671,fukui,3,Irish Lord,Hemilepidotus hemilepidotus,LORDRI,fish,NA,NA,175,
NPAS,A,7/28/2020,20200728,1200,7/29/2020,20200729,1120,23.33333,fukui,1,Dungeness Crab,Metacarcinus magister,CRABDUN,invertebrate,161,F,,
NPAS,A,7/28/2020,20200728,1200,7/29/2020,20200729,1120,23.33333,fukui,1,English Sole,Parophrys vetulus,SOLEENG,fish,NA,NA,107,
NPAS,A,7/28/2020,20200728,1200,7/29/2020,20200729,1120,23.33333,fukui,1,Red Rock Crab,Cancer Productus,CRABRR,invertebrate,112,F,,
NPAS,A,7/28/2020,20200728,1200,7/29/2020,20200729,1120,23.33333,fukui,1,Red Rock Crab,Cancer Productus,CRABRR,invertebrate,161,M,,
NPAS,A,7/28/2020,20200728,1200,7/29/2020,20200729,1120,23.33333,fukui,1,Red Rock Crab,Cancer Productus,CRABRR,invertebrate,161,M,,
NPAS,A,7/28/2020,20200728,1200,7/29/2020,20200729,1120,23.33333,pot,2,Dungeness Crab,Metacarcinus magister,CRABDUN,invertebrate,160,M,,
NPAS,A,7/28/2020,20200728,1200,7/29/2020,20200729,1120,23.33333,fukui,2,Red Rock Crab,Cancer Productus,CRABRR,invertebrate,122,M,,
DUNB,A,7/13/2020,20200713,1120,7/14/2020,20200714,1150,24.5,fukui,2,Staghorn Sculpin,Leptocottus armatus,SCULPSTG,fish,NA,NA,287,
DUNB,A,7/13/2020,20200713,1120,7/14/2020,20200714,1150,24.5,fukui,2,Graceful Rock Crab,Metacarcinus gracilis,CRABGRA,invertebrate,75,M,,
DUNB,A,7/13/2020,20200713,1120,7/14/2020,20200714,1150,24.5,fukui,2,Graceful Rock Crab,Metacarcinus gracilis,CRABGRA,invertebrate,90,M,,
DUNB,A,7/13/2020,20200713,1120,7/14/2020,20200714,1150,24.5,fukui,2,Graceful Rock Crab,Metacarcinus gracilis,CRABGRA,invertebrate,83,M,,
DUNB,A,7/13/2020,20200713,1120,7/14/2020,20200714,1150,24.5,fukui,2,Graceful Rock Crab,Metacarcinus gracilis,CRABGRA,invertebrate,90,M,,
DUNB,A,7/13/2020,20200713,1120,7/14/2020,20200714,1150,24.5,fukui,2,Graceful Rock Crab,Metacarcinus gracilis,CRABGRA,invertebrate,70,F,,
DUNB,A,7/13/2020,20200713,1120,7/14/2020,20200714,1150,24.5,fukui,2,Graceful Rock Crab,Metacarcinus gracilis,CRABGRA,invertebrate,85,M,,
DUNB,A,7/13/2020,20200713,1120,7/14/2020,20200714,1150,24.5,fukui,2,Graceful Rock Crab,Metacarcinus gracilis,CRABGRA,invertebrate,68,M,,
DUNB,A,7/13/2020,20200713,1120,7/14/2020,20200714,1150,24.5,fukui,2,Graceful Rock Crab,Metacarcinus gracilis,CRABGRA,invertebrate,63,M,,
DUNB,A,7/13/2020,20200713,1120,7/14/2020,20200714,1150,24.5,fukui,2,Graceful Rock Crab,Metacarcinus gracilis,CRABGRA,invertebrate,85,M,,
DUNB,A,7/13/2020,20200713,1120,7/14/2020,20200714,1150,24.5,fukui,2,Graceful Rock Crab,Metacarcinus gracilis,CRABGRA,invertebrate,73,M,,
DUNB,A,7/13/2020,20200713,1120,7/14/2020,20200714,1150,24.5,fukui,2,Graceful Rock Crab,Metacarcinus gracilis,CRABGRA,invertebrate,77,M,,
DUNB,A,7/13/2020,20200713,1120,7/14/2020,20200714,1150,24.5,fukui,2,Graceful Rock Crab,Metacarcinus gracilis,CRABGRA,invertebrate,93,M,,
DUNB,A,7/13/2020,20200713,1120,7/14/2020,20200714,1150,24.5,fukui,3,Helmet Crab,Telmessus cheiragonus,CRABHEL,invertebrate,70,M,,
DUNB,A,7/13/2020,20200713,1120,7/14/2020,20200714,1150,24.5,fukui,3,Helmet Crab,Telmessus cheiragonus,CRABHEL,invertebrate,70,M,,
DUNB,A,7/13/2020,20200713,1120,7/14/2020,20200714,1150,24.5,fukui,3,Helmet Crab,Telmessus cheiragonus,CRABHEL,invertebrate,68,M,,
NATZ,A,7/13/2020,20200713,1420,7/14/2020,20200714,1420,24,pot,1,Red Rock Crab,Cancer Productus,CRABRR,invertebrate,145,M,,
NATZ,A,7/13/2020,20200713,1420,7/14/2020,20200714,1420,24,fukui,1,Red Rock Crab,Cancer Productus,CRABRR,invertebrate,153,M,,
NATZ,A,7/13/2020,20200713,1420,7/14/2020,20200714,1420,24,fukui,1,Red Rock Crab,Cancer Productus,CRABRR,invertebrate,145,M,,
NATZ,A,7/13/2020,20200713,1420,7/14/2020,20200714,1420,24,fukui,2,Red Rock Crab,Cancer Productus,CRABRR,invertebrate,252,M,,
NATZ,A,7/13/2020,20200713,1420,7/14/2020,20200714,1420,24,fukui,1,Red Rock Crab,Cancer Productus,CRABRR,invertebrate,155,M,,
NATZ,A,7/13/2020,20200713,1420,7/14/2020,20200714,1420,24,fukui,2,Red Rock Crab,Cancer Productus,CRABRR,invertebrate,124,M,,
NATZ,A,7/13/2020,20200713,1420,7/14/2020,20200714,1420,24,fukui,2,Staghorn Sculpin,Leptocottus armatus,SCULPSTG,fish,NA,NA,294,
NATZ,A,7/13/2020,20200713,1420,7/14/2020,20200714,1420,24,fukui,1,Red Rock Crab,Cancer Productus,CRABRR,invertebrate,128,M,,
NATZ,A,7/13/2020,20200713,1420,7/14/2020,20200714,1420,24,fukui,1,Red Rock Crab,Cancer Productus,CRABRR,invertebrate,134,M,,
NATZ,A,7/13/2020,20200713,1420,7/14/2020,20200714,1420,24,fukui,2,Red Rock Crab,Cancer Productus,CRABRR,invertebrate,128,M,,
NATZ,A,7/13/2020,20200713,1420,7/14/2020,20200714,1420,24,fukui,1,Graceful Rock Crab,Metacarcinus gracilis,CRABGRA,invertebrate,90,M,,
NATZ,A,7/13/2020,20200713,1420,7/14/2020,20200714,1420,24,fukui,1,Graceful Rock Crab,Metacarcinus gracilis,CRABGRA,invertebrate,76,M,,
NATZ,A,7/13/2020,20200713,1420,7/14/2020,20200714,1420,24,fukui,1,Red Rock Crab,Cancer Productus,CRABRR,invertebrate,113,F,,
GOATS,A,7/13/2020,20200713,1240,7/14/2020,20200714,1300,24.33333,fukui,3,Red Rock Crab,Cancer Productus,CRABRR,invertebrate,94,M,,
GOATS,A,7/13/2020,20200713,1240,7/14/2020,20200714,1300,24.33333,fukui,3,Red Rock Crab,Cancer Productus,CRABRR,invertebrate,111,M,,
GOATS,A,7/13/2020,20200713,1240,7/14/2020,20200714,1300,24.33333,fukui,3,Graceful Rock Crab,Metacarcinus gracilis,CRABGRA,invertebrate,79,M,,
GOATS,A,7/13/2020,20200713,1240,7/14/2020,20200714,1300,24.33333,fukui,3,Graceful Rock Crab,Metacarcinus gracilis,CRABGRA,invertebrate,75,M,,
GOATS,A,7/13/2020,20200713,1240,7/14/2020,20200714,1300,24.33333,fukui,3,Graceful Rock Crab,Metacarcinus gracilis,CRABGRA,invertebrate,89,M,,
GOATS,A,7/13/2020,20200713,1240,7/14/2020,20200714,1300,24.33333,fukui,3,Graceful Rock Crab,Metacarcinus gracilis,CRABGRA,invertebrate,81,M,,
GOATS,A,7/13/2020,20200713,1240,7/14/2020,20200714,1300,24.33333,fukui,3,Spiny Dogfish,Squalus acanthias,DOGFISH,fish,NA,NA,551,