bay_code,date_set,YYYYMMDD_set,time_set,date_pulled,YYYYMMDD_pulled,time_pulled,time_soak_hr,trap,depth_ft,Sp_CommonName,Sp_ScientificName,SpCode,Taxa,carapace_width_mm,sex,fork_length_mm,unmeasured
GUKT,8/3/2020,20200803,900,8/4/2020,20200804,1000,25,fukui,15,Graceful Rock Crab,Metacarcinus gracilis,CRABGRA,invertebrate,62,M,,
GUKT,8/3/2020,20200803,900,8/4/2020,20200804,1000,25,fukui,15,Graceful Rock Crab,Metacarcinus gracilis,CRABGRA,invertebrate,63,M,,
GUKT,8/3/2020,20200803,900,8/4/2020,20200804,1000,25,fukui,15,Staghorn Sculpin,Leptocottus armatus,SCULPSTG,fish,NA,NA,193,
GUKT,8/3/2020,20200803,900,8/4/2020,20200804,1000,25,fukui,15,Graceful Rock Crab,Metacarcinus gracilis,CRABGRA,invertebrate,51,M,,
GUKT,8/3/2020,20200803,900,8/4/2020,20200804,1000,25,fukui,15,Graceful Rock Crab,Metacarcinus gracilis,CRABGRA,invertebrate,54,F,,
GUKT,8/3/2020,20200803,900,8/4/2020,20200804,1000,25,fukui,15,Graceful Rock Crab,Metacarcinus gracilis,CRABGRA,invertebrate,65,M,,
GUKT,8/3/2020,20200803,900,8/4/2020,20200804,1000,25,fukui,15,Staghorn Sculpin,Leptocottus armatus,SCULPSTG,fish,NA,NA,300,
GUKT,8/3/2020,20200803,900,8/4/2020,20200804,1000,25,fukui,15,Staghorn Sculpin,Leptocottus armatus,SCULPSTG,fish,NA,NA,172,
GUKT,8/3/2020,20200803,900,8/4/2020,20200804,1000,25,fukui,15,Staghorn Sculpin,Leptocottus armatus,SCULPSTG,fish,NA,NA,305,
GUKT,8/3/2020,20200803,900,8/4/2020,20200804,1000,25,fukui,15,Graceful Rock Crab,Metacarcinus gracilis,CRABGRA,invertebrate,45,M,,
GUKT,8/3/2020,20200803,900,8/4/2020,20200804,1000,25,fukui,15,Staghorn Sculpin,Leptocottus armatus,SCULPSTG,fish,NA,NA,196,
GUKT,8/3/2020,20200803,900,8/4/2020,20200804,1000,25,fukui,15,Staghorn Sculpin,Leptocottus armatus,SCULPSTG,fish,NA,NA,248,
GUKT,8/3/2020,20200803,900,8/4/2020,20200804,1000,25,fukui,15,Staghorn Sculpin,Leptocottus armatus,SCULPSTG,fish,NA,NA,193,
GUKT,8/3/2020,20200803,900,8/4/2020,20200804,1000,25,pot,30,Sunflower Seastar,Pycnopodia helianthoides,STARPYCN,invertebrate,NA,NA,417,
GUKT,8/3/2020,20200803,900,8/4/2020,20200804,1000,25,fukui,90,Decorator Crab,Oregonia gracilis,CRABDEC,invertebrate,4,M,,
GUKT,8/3/2020,20200803,900,8/4/2020,20200804,1000,25,pot,120,Decorator Crab,Oregonia gracilis,CRABDEC,invertebrate,50,M,,
GUKT,8/3/2020,20200803,900,8/4/2020,20200804,1000,25,pot,150,Decorator Crab,Oregonia gracilis,CRABDEC,invertebrate,17,M,,
GUKT,8/3/2020,20200803,900,8/4/2020,20200804,1000,25,fukui,180,Great Sculpin,Myoxocephalus scorpius,SCULGRT,fish,NA,NA,355,
GUKT,8/3/2020,20200803,900,8/4/2020,20200804,1000,25,fukui,180,Decorator Crab,Oregonia gracilis,CRABDEC,invertebrate,55,M,,
GUKT,8/3/2020,20200803,900,8/4/2020,20200804,1000,25,fukui,180,Spiny Dogfish,Squalus acanthias,DOGFISH,fish,NA,NA,,
GUKT,8/3/2020,20200803,900,8/4/2020,20200804,1000,25,fukui,180,Decorator Crab,Oregonia gracilis,CRABDEC,invertebrate,51,M,,
GUKT,8/3/2020,20200803,900,8/4/2020,20200804,1000,25,fukui,180,Red Rock Crab,Cancer Productus,CRABRR,invertebrate,89,F,,
SFEI,7/30/2020,20200730,1700,7/31/2020,20200731,1700,24,fukui,15,Staghorn Sculpin,Leptocottus armatus,SCULPSTG,fish,NA,NA,258,
SFEI,7/30/2020,20200730,1700,7/31/2020,20200731,1700,24,fukui,15,Red Rock Crab,Cancer Productus,CRABRR,invertebrate,92,M,,
SFEI,7/30/2020,20200730,1700,7/31/2020,20200731,1700,24,fukui,15,Staghorn Sculpin,Leptocottus armatus,SCULPSTG,fish,NA,NA,213,
SFEI,7/30/2020,20200730,1700,7/31/2020,20200731,1700,24,fukui,15,Graceful Rock Crab,Metacarcinus gracilis,CRABGRA,invertebrate,57,M,,
SFEI,7/30/2020,20200730,1700,7/31/2020,20200731,1700,24,fukui,15,Graceful Rock Crab,Metacarcinus gracilis,CRABGRA,invertebrate,62,M,,
SFEI,7/30/2020,20200730,1700,7/31/2020,20200731,1700,24,fukui,15,Graceful Rock Crab,Metacarcinus gracilis,CRABGRA,invertebrate,63,M,,
SFEI,7/30/2020,20200730,1700,7/31/2020,20200731,1700,24,fukui,30,Red Rock Crab,Cancer Productus,CRABRR,invertebrate,102,M,,
SFEI,7/30/2020,20200730,1700,7/31/2020,20200731,1700,24,fukui,30,Red Rock Crab,Cancer Productus,CRABRR,invertebrate,92,M,,
SFEI,7/30/2020,20200730,1700,7/31/2020,20200731,1700,24,fukui,30,Red Rock Crab,Cancer Productus,CRABRR,invertebrate,109,M,,
SFEI,7/30/2020,20200730,1700,7/31/2020,20200731,1700,24,fukui,30,Red Rock Crab,Cancer Productus,CRABRR,invertebrate,100,M,,
SFEI,7/30/2020,20200730,1700,7/31/2020,20200731,1700,24,fukui,30,Red Rock Crab,Cancer Productus,CRABRR,invertebrate,107,M,,
SFEI,7/30/2020,20200730,1700,7/31/2020,20200731,1700,24,fukui,30,Red Rock Crab,Cancer Productus,CRABRR,invertebrate,89,F,,
SFEI,7/30/2020,20200730,1700,7/31/2020,20200731,1700,24,fukui,30,Red Rock Crab,Cancer Productus,CRABRR,invertebrate,105,M,,
SFEI,7/30/2020,20200730,1700,7/31/2020,20200731,1700,24,fukui,30,Staghorn Sculpin,Leptocottus armatus,SCULPSTG,fish,NA,NA,256,
SFEI,7/30/2020,20200730,1700,7/31/2020,20200731,1700,24,fukui,30,Copper Rockfish,Sebastes caurinus,ROCKCOP,fish,NA,NA,378,
SFEI,7/30/2020,20200730,1700,7/31/2020,20200731,1700,24,fukui,60,Red Rock Crab,Cancer Productus,CRABRR,invertebrate,89,F,,
SFEI,7/30/2020,20200730,1700,7/31/2020,20200731,1700,24,fukui,60,Red Rock Crab,Cancer Productus,CRABRR,invertebrate,96,F,,
SFEI,7/30/2020,20200730,1700,7/31/2020,20200731,1700,24,fukui,60,Red Rock Crab,Cancer Productus,CRABRR,invertebrate,80,F,,
SFEI,7/30/2020,20200730,1700,7/31/2020,20200731,1700,24,fukui,60,Red Rock Crab,Cancer Productus,CRABRR,invertebrate,98,M,,
SFEI,7/30/2020,20200730,1700,7/31/2020,20200731,1700,24,fukui,60,Red Rock Crab,Cancer Productus,CRABRR,invertebrate,81,F,,
SFEI,7/30/2020,20200730,1700,7/31/2020,20200731,1700,24,fukui,60,Red Rock Crab,Cancer Productus,CRABRR,invertebrate,108,M,,
SFEI,7/30/2020,20200730,1700,7/31/2020,20200731,1700,24,fukui,60,Red Rock Crab,Cancer Productus,CRABRR,invertebrate,89,M,,
SFEI,7/30/2020,20200730,1700,7/31/2020,20200731,1700,24,fukui,60,Red Rock Crab,Cancer Productus,CRABRR,invertebrate,90,M,,
SFEI,7/30/2020,20200730,1700,7/31/2020,20200731,1700,24,fukui,60,Red Rock Crab,Cancer Productus,CRABRR,invertebrate,101,F,,
SFEI,7/30/2020,20200730,1700,7/31/2020,20200731,1700,24,fukui,60,Red Rock Crab,Cancer Productus,CRABRR,invertebrate,105,M,,
SFEI,7/30/2020,20200730,1700,7/31/2020,20200731,1700,24,fukui,60,Red Rock Crab,Cancer Productus,CRABRR,invertebrate,98,M,,
SFEI,7/30/2020,20200730,1700,7/31/2020,20200731,1700,24,fukui,60,Red Rock Crab,Cancer Productus,CRABRR,invertebrate,79,M,,
SFEI,7/30/2020,20200730,1700,7/31/2020,20200731,1700,24,fukui,60,Red Rock Crab,Cancer Productus,CRABRR,invertebrate,115,M,,
SFEI,7/30/2020,20200730,1700,7/31/2020,20200731,1700,24,fukui,60,Red Rock Crab,Cancer Productus,CRABRR,invertebrate,78,F,,
SFEI,7/30/2020,20200730,1700,7/31/2020,20200731,1700,24,fukui,60,Red Rock Crab,Cancer Productus,CRABRR,invertebrate,98,M,,
SFEI,7/30/2020,20200730,1700,7/31/2020,20200731,1700,24,fukui,90,Copper Rockfish,Sebastes caurinus,ROCKCOP,fish,NA,NA,405,
SFEI,7/30/2020,20200730,1700,7/31/2020,20200731,1700,24,fukui,90,Copper Rockfish,Sebastes caurinus,ROCKCOP,fish,NA,NA,376,
SFEI,7/30/2020,20200730,1700,7/31/2020,20200731,1700,24,fukui,120,Red Rock Crab,Cancer Productus,CRABRR,invertebrate,87,F,,
REFU,7/29/2020,20200729,1800,7/30/2020,20200730,1500,21,fukui,15,Graceful Rock Crab,Metacarcinus gracilis,CRABGRA,invertebrate,78,M,,
REFU,7/29/2020,20200729,1800,7/30/2020,20200730,1500,21,fukui,15,Staghorn Sculpin,Leptocottus armatus,SCULPSTG,fish,NA,NA,200,
REFU,7/29/2020,20200729,1800,7/30/2020,20200730,1500,21,pot,30,Graceful Rock Crab,Metacarcinus gracilis,CRABGRA,invertebrate,92,M,,
REFU,7/29/2020,20200729,1800,7/30/2020,20200730,1500,21,fukui,30,Graceful Rock Crab,Metacarcinus gracilis,CRABGRA,invertebrate,95,,,
REFU,7/29/2020,20200729,1800,7/30/2020,20200730,1500,21,fukui,30,Graceful Rock Crab,Metacarcinus gracilis,CRABGRA,invertebrate,100,,,
REFU,7/29/2020,20200729,1800,7/30/2020,20200730,1500,21,fukui,30,Graceful Rock Crab,Metacarcinus gracilis,CRABGRA,invertebrate,70,,,
REFU,7/29/2020,20200729,1800,7/30/2020,20200730,1500,21,fukui,30,Graceful Rock Crab,Metacarcinus gracilis,CRABGRA,invertebrate,85,,,
REFU,7/29/2020,20200729,1800,7/30/2020,20200730,1500,21,fukui,30,Red Rock Crab,Cancer Productus,CRABRR,invertebrate,126,M,,
REFU,7/29/2020,20200729,1800,7/30/2020,20200730,1500,21,fukui,30,Staghorn Sculpin,Leptocottus armatus,SCULPSTG,fish,NA,NA,263,
REFU,7/29/2020,20200729,1800,7/30/2020,20200730,1500,21,fukui,30,Graceful Rock Crab,Metacarcinus gracilis,CRABGRA,invertebrate,83,M,,
REFU,7/29/2020,20200729,1800,7/30/2020,20200730,1500,21,fukui,60,Staghorn Sculpin,Leptocottus armatus,SCULPSTG,fish,NA,NA,,
REFU,7/29/2020,20200729,1800,7/30/2020,20200730,1500,21,fukui,60,Staghorn Sculpin,Leptocottus armatus,SCULPSTG,fish,NA,NA,,
REFU,7/29/2020,20200729,1800,7/30/2020,20200730,1500,21,fukui,60,Staghorn Sculpin,Leptocottus armatus,SCULPSTG,fish,NA,NA,,
REFU,7/29/2020,20200729,1800,7/30/2020,20200730,1500,21,fukui,60,Red Rock Crab,Cancer Productus,CRABRR,invertebrate,120,NA,,
REFU,7/29/2020,20200729,1800,7/30/2020,20200730,1500,21,fukui,60,Red Rock Crab,Cancer Productus,CRABRR,invertebrate,117,F,,
REFU,7/29/2020,20200729,1800,7/30/2020,20200730,1500,21,fukui,60,Red Rock Crab,Cancer Productus,CRABRR,invertebrate,99,F,,
REFU,7/29/2020,20200729,1800,7/30/2020,20200730,1500,21,fukui,60,Red Rock Crab,Cancer Productus,CRABRR,invertebrate,110,F,,
REFU,7/29/2020,20200729,1800,7/30/2020,20200730,1500,21,fukui,60,Red Rock Crab,Cancer Productus,CRABRR,invertebrate,115,F,,
REFU,7/29/2020,20200729,1800,7/30/2020,20200730,1500,21,fukui,60,Graceful Rock Crab,Metacarcinus gracilis,CRABGRA,invertebrate,95,M,,
REFU,7/29/2020,20200729,1800,7/30/2020,20200730,1500,21,pot,90,Dungeness Crab,Metacarcinus magister,CRABDUN,invertebrate,194,M,,
REFU,7/29/2020,20200729,1800,7/30/2020,20200730,1500,21,fukui,90,Red Rock Crab,Cancer Productus,CRABRR,invertebrate,122,F,,
REFU,7/29/2020,20200729,1800,7/30/2020,20200730,1500,21,fukui,90,Red Rock Crab,Cancer Productus,CRABRR,invertebrate,118,F,,
REFU,7/29/2020,20200729,1800,7/30/2020,20200730,1500,21,pot,150,Unidentified Fish,Pleuronectidae spp.,UNFLAT,fish,NA,NA,476,
REFU,7/29/2020,20200729,1800,7/30/2020,20200730,1500,21,fukui,180,Decorator Crab,Oregonia gracilis,CRABDEC,invertebrate,43,M,,
REFU,7/29/2020,20200729,1800,7/30/2020,20200730,1500,21,fukui,180,Decorator Crab,Oregonia gracilis,CRABDEC,invertebrate,41,F,,