,sp,weight_g_sum,weight_g_by_site,weight_g_2020,,sp,weight_g_2020
1,Acrosiphinia arcta,77.4,15.48,154.8,,,
2,Acrosiphinia spp,16.1,3.22,32.2,,Acrosiphinia spp,187
3,Ahnfeltia fastigiata,24.2,4.84,48.4,,Ahnfeltia fastigiata,48
4,Analipus japonicus,1.2,0.24,2.4,,Analipus japonicus,2
5,Biomass,35.6,7.12,71.2,,Blidingia minima,50
6,Blidingia minima,25.1,5.02,50.2,,Chorda filum,8
7,Chorda filum,702,140.4,1404,,Chordaria flagelliformis,8
8,Chordaria flagelliformis,4,0.8,8,,Constantinia spp,2
9,Constantinia spp,4,0.8,8,,Corallina vancouveriensis,4
10,Corallina vancouveriensis,1,0.2,2,,Cumantamion decipiens,84
11,Cumantamion decipiens,2,0.4,4,,Cymathaere triplicata,82
12,Cymathaere triplicata,41.9,8.38,83.8,,Desmarestia spp,346
13,Desmarestia spp,41.1,8.22,82.2,,Dictyosiphon foeniculaceus,58
14,Desmarestia viridis,132,26.4,264,,Ectocarpus siliculosus,29
15,Desmersita spp,21.6,4.32,43.2,,Falonia mollis,4
16,Dictyosiphon foeniculaceus,28.9,5.78,57.8,,Farlomia mollis,2
17,Ectocarpus siliculosus,14.7,2.94,29.4,,Fucus distichus,2137
18,Falonia mollis,2,0.4,4,,Laminaria saccharina,102
19,Farlomia mollis,1,0.2,2,,Laminaria yezoensis,240
20,Fucus distichus,1068.6,213.72,2137.2,,Macrocystis pyrifera,2127
21,Laminaria saccharina,51.1,10.22,102.2,,Neorhodomela aculeata,1408
22,Laminaria yezoensis,119.8,23.96,239.6,,Odonthalia spp,115
23,Macrocystis pyrifera,1063.7,212.74,2127.4,,Palmaria spp,236
24,Neorhodomela aculeata,703.8,140.76,1407.6,,Petalonia fascia,10
25,Odonthalia spp,57.7,11.54,115.4,,Phyllospadix spp,595
26,Palmaria callophyllis,3,0.6,6,,Polyneura latissima,78
27,Palmaria mollis,1,0.2,2,,Polysiphonia,45
28,Palmaria spp,114.2,22.84,228.4,,Punctaria lobata,3604
29,Petalonia fascia,5.2,1.04,10.4,,Saccharina spp,15666
30,Phyllospadix,97,19.4,194,,Sargassum spp,263
31,Phyllospadix scouleri,200.7,40.14,401.4,,Sparangia pertula,118
32,Polyneura latissima,39,7.8,78,,Stephanocystis,14
33,Polysiphonia,22.4,4.48,44.8,,Ulva spp,3747
34,Punctaria lobata,1801.8,360.36,3603.6,,Zostera marina,617
35,Saccharina groelandica,537.3,107.46,1074.6,,,
36,Saccharina groenlandica,335.7,67.14,671.4,,,
37,Saccharina latissima,3072.9,614.58,6145.8,,,
38,Saccharina spp,3887.3,777.46,7774.6,,,
39,Sargassum,12,2.4,24,,,
40,Sargassum muticum,56,11.2,112,,,
41,Sargassum spp,63.4,12.68,126.8,,,
42,Sparangia pertula,59,11.8,118,,,
43,Stephanocystis,7,1.4,14,,,
44,Ulva lactuca,826.8,165.36,1653.6,,,
45,Ulva linza,14.3,2.86,28.6,,,
46,Ulva spp,986.2,197.24,1972.4,,,
47,Ulva Spp,46,9.2,92,,,
48,Zostera marina,308.5,61.7,617,,,