bay_code,bay_sample,date_set,YYYYMMDD_set,time_set,date_pulled,YYYYMMDD_pulled,time_pulled,time_soak_hr,trap,string,Sp_CommonName,Sp_ScientificName,SpCode,Taxa,carapace_width_mm,sex,fork_length_mm,unmeasured
DUNB,A,07/13/2020,20200713,1110,07/14/2020,20200714,1205,24.916,minnow,2,Helmet Crab,Telmessus cheiragonus,CRABHEL,invertebrate,69,F,,
DUNB,A,07/13/2020,20200713,1110,07/14/2020,20200714,1205,24.916,minnow,2,Helmet Crab,Telmessus cheiragonus,CRABHEL,invertebrate,81,M,,
DUNB,A,07/13/2020,20200713,1110,07/14/2020,20200714,1205,24.916,minnow,2,Helmet Crab,Telmessus cheiragonus,CRABHEL,invertebrate,69,M,,
DUNB,A,07/13/2020,20200713,1110,07/14/2020,20200714,1205,24.916,minnow,3,Slender Rock Crab,Metacarcinus gracilis,CRABGRA,invertebrate,59,F,,
DUNB,A,07/13/2020,20200713,1110,07/14/2020,20200714,1205,24.916,minnow,3,Slender Rock Crab,Metacarcinus gracilis,CRABGRA,invertebrate,60,F,,
DUNB,A,07/13/2020,20200713,1110,07/14/2020,20200714,1205,24.916,minnow,3,Slender Rock Crab,Metacarcinus gracilis,CRABGRA,invertebrate,69,M,,
GOATS,A,7/13/2020,20200713,1220,7/14/2020,20200714,1345,25.416,minnow,1,Slender Rock Crab,Metacarcinus gracilis,CRABGRA,invertebrate,46,F,,
GOATS,A,7/13/2020,20200713,1220,7/14/2020,20200714,1345,25.416,minnow,1,Slender Rock Crab,Metacarcinus gracilis,CRABGRA,invertebrate,47,F,,
GOATS,A,7/13/2020,20200713,1220,7/14/2020,20200714,1345,25.416,minnow,2,Staghorn Sculpin,Leptocottus armatus,SCULPSTG,fish,NA,NA,234,
GOATS,A,7/13/2020,20200713,1220,7/14/2020,20200714,1345,25.416,minnow,2,Slender Rock Crab,Metacarcinus gracilis,CRABGRA,invertebrate,72,M,,
GOATS,A,7/13/2020,20200713,1220,7/14/2020,20200714,1345,25.416,minnow,2,Staghorn Sculpin,Leptocottus armatus,SCULPSTG,fish,NA,NA,235,
GOATS,A,7/13/2020,20200713,1220,7/14/2020,20200714,1345,25.416,minnow,2,Slender Rock Crab,Metacarcinus gracilis,CRABGRA,invertebrate,65,M,,
GOATS,A,7/13/2020,20200713,1220,7/14/2020,20200714,1345,25.416,minnow,2,Slender Rock Crab,Metacarcinus gracilis,CRABGRA,invertebrate,80,M,,
GOATS,A,7/13/2020,20200713,1220,7/14/2020,20200714,1345,25.416,minnow,2,Staghorn Sculpin,Leptocottus armatus,SCULPSTG,fish,NA,NA,252,
GOATS,A,7/13/2020,20200713,1220,7/14/2020,20200714,1345,25.416,minnow,2,Red Rock Crab,Cancer productus,CRABRR,invertebrate,60,M,,
GOATS,A,7/13/2020,20200713,1220,7/14/2020,20200714,1345,25.416,minnow,2,Staghorn Sculpin,Leptocottus armatus,SCULPSTG,fish,NA,NA,242,
GOATS,A,7/13/2020,20200713,1220,7/14/2020,20200714,1345,25.416,minnow,2,Slender Rock Crab,Metacarcinus gracilis,CRABGRA,invertebrate,79,M,,
GOATS,A,7/13/2020,20200713,1220,7/14/2020,20200714,1345,25.416,minnow,2,Slender Rock Crab,Metacarcinus gracilis,CRABGRA,invertebrate,75,M,,
GOATS,A,7/13/2020,20200713,1220,7/14/2020,20200714,1345,25.416,minnow,3,Red Rock Crab,Cancer productus,CRABRR,invertebrate,68,M,,
NATZ,A,7/13/2020,20200713,1400,7/14/2020,20200714,1435,24.583,minnow,1,Red Rock Crab,Cancer productus,CRABRR,invertebrate,143,M,,
NATZ,A,7/13/2020,20200713,1400,7/14/2020,20200714,1435,24.583,minnow,1,Red Rock Crab,Cancer productus,CRABRR,invertebrate,137,M,,
NATZ,A,7/13/2020,20200713,1400,7/14/2020,20200714,1435,24.583,minnow,1,Red Rock Crab,Cancer productus,CRABRR,invertebrate,158,M,,
NATZ,A,7/13/2020,20200713,1400,7/14/2020,20200714,1435,24.583,minnow,1,Red Rock Crab,Cancer productus,CRABRR,invertebrate,114,M,,
NATZ,A,7/13/2020,20200713,1400,7/14/2020,20200714,1435,24.583,minnow,1,Red Rock Crab,Cancer productus,CRABRR,invertebrate,170,M,,
NATZ,A,7/13/2020,20200713,1400,7/14/2020,20200714,1435,24.583,minnow,1,Red Rock Crab,Cancer productus,CRABRR,invertebrate,99,F,,
NATZ,A,7/13/2020,20200713,1400,7/14/2020,20200714,1435,24.583,minnow,1,Red Rock Crab,Cancer productus,CRABRR,invertebrate,117,M,,
NATZ,A,7/13/2020,20200713,1400,7/14/2020,20200714,1435,24.583,minnow,2,Red Rock Crab,Cancer productus,CRABRR,invertebrate,141,M,,
NATZ,A,7/13/2020,20200713,1400,7/14/2020,20200714,1435,24.583,minnow,3,Helmet Crab,Telmessus cheiragonus,CRABHEL,invertebrate,14,M,,
SHIN,A,7/27/2020,20200727,955,7/28/2020,2020728,810,22.25,minnow,1,Slender Rock Crab,Metacarcinus gracilis,CRABGRA,invertebrate,68,M,,
SHIN,A,7/27/2020,20200727,955,7/28/2020,2020728,810,22.25,minnow,2,Slender Rock Crab,Metacarcinus gracilis,CRABGRA,invertebrate,77,M,,
SHIN,A,7/27/2020,20200727,955,7/28/2020,2020728,810,22.25,minnow,2,Slender Rock Crab,Metacarcinus gracilis,CRABGRA,invertebrate,55,F,,
SHIN,A,7/27/2020,20200727,955,7/28/2020,2020728,810,22.25,minnow,2,Slender Rock Crab,Metacarcinus gracilis,CRABGRA,invertebrate,71,M,,
SHIN,A,7/27/2020,20200727,955,7/28/2020,2020728,810,22.25,minnow,3,Slender Rock Crab,Metacarcinus gracilis,CRABGRA,invertebrate,57,M,,
SHIN,A,7/27/2020,20200727,955,7/28/2020,2020728,810,22.25,minnow,3,Slender Rock Crab,Metacarcinus gracilis,CRABGRA,invertebrate,61,F,,
SHIN,A,7/27/2020,20200727,955,7/28/2020,2020728,810,22.25,minnow,3,Slender Rock Crab,Metacarcinus gracilis,CRABGRA,invertebrate,52,F,,
SHIN,A,7/27/2020,20200727,955,7/28/2020,2020728,810,22.25,minnow,3,Staghorn Sculpin,Leptocottus armatus,SCULPSTG,fish,NA,NA,219,
SWAD,A,7/27/2020,20200727,1235,7/28/2020,2020728,850,20.25,minnow,1,Staghorn Sculpin,Leptocottus armatus,SCULPSTG,fish,NA,NA,125,
SWAD,A,7/27/2020,20200727,1235,7/28/2020,2020728,850,20.25,minnow,1,Staghorn Sculpin,Leptocottus armatus,SCULPSTG,fish,NA,NA,265,
SWAD,A,7/27/2020,20200727,1235,7/28/2020,2020728,850,20.25,minnow,1,Staghorn Sculpin,Leptocottus armatus,SCULPSTG,fish,NA,NA,275,
SWAD,A,7/27/2020,20200727,1235,7/28/2020,2020728,850,20.25,minnow,1,Staghorn Sculpin,Leptocottus armatus,SCULPSTG,fish,NA,NA,292,
SWAD,A,7/27/2020,20200727,1235,7/28/2020,2020728,850,20.25,minnow,1,Staghorn Sculpin,Leptocottus armatus,SCULPSTG,fish,NA,NA,134,
SWAD,A,7/27/2020,20200727,1235,7/28/2020,2020728,850,20.25,minnow,1,Staghorn Sculpin,Leptocottus armatus,SCULPSTG,fish,NA,NA,283,
SWAD,A,7/27/2020,20200727,1235,7/28/2020,2020728,850,20.25,minnow,1,Red Rock Crab,Cancer productus,CRABRR,invertebrate,104,F,,
SWAD,A,7/27/2020,20200727,1235,7/28/2020,2020728,850,20.25,minnow,3,Red Rock Crab,Cancer productus,CRABRR,invertebrate,144,NA,,
SWAD,A,7/27/2020,20200727,1235,7/28/2020,2020728,850,20.25,minnow,3,Red Rock Crab,Cancer productus,CRABRR,invertebrate,139,M,,
SWAD,A,7/27/2020,20200727,1235,7/28/2020,2020728,850,20.25,minnow,3,Red Rock Crab,Cancer productus,CRABRR,invertebrate,127,F,,
SWAD,A,7/27/2020,20200727,1235,7/28/2020,2020728,850,20.25,minnow,3,Red Rock Crab,Cancer productus,CRABRR,invertebrate,128,M,,
SWAD,A,7/27/2020,20200727,1235,7/28/2020,2020728,850,20.25,minnow,3,Red Rock Crab,Cancer productus,CRABRR,invertebrate,126,M,,
SWAD,A,7/27/2020,20200727,1235,7/28/2020,2020728,850,20.25,minnow,3,Red Rock Crab,Cancer productus,CRABRR,invertebrate,97,M,,
SWAD,A,7/27/2020,20200727,1235,7/28/2020,2020728,850,20.25,minnow,3,Red Rock Crab,Cancer productus,CRABRR,invertebrate,89,M,,
SWAD,A,7/27/2020,20200727,1235,7/28/2020,2020728,850,20.25,minnow,3,Red Rock Crab,Cancer productus,CRABRR,invertebrate,93,M,,
SWAD,A,7/27/2020,20200727,1235,7/28/2020,2020728,850,20.25,minnow,3,Staghorn Sculpin,Leptocottus armatus,SCULPSTG,fish,NA,NA,311,
SWAD,A,7/27/2020,20200727,1235,7/28/2020,2020728,850,20.25,minnow,3,Staghorn Sculpin,Leptocottus armatus,SCULPSTG,fish,NA,NA,270,
KLWK,A,7/27/2020,20200727,810,7/28/2020,2020728,720,23.166,pot,1,Red Rock Crab,Cancer productus,CRABRR,invertebrate,159,M,,
KLWK,A,7/27/2020,20200727,810,7/28/2020,2020728,720,23.166,minnow,1,Red Rock Crab,Cancer productus,CRABRR,invertebrate,100,F,,
KLWK,A,7/27/2020,20200727,810,7/28/2020,2020728,720,23.166,minnow,1,Red Rock Crab,Cancer productus,CRABRR,invertebrate,150,M,,
KLWK,A,7/27/2020,20200727,810,7/28/2020,2020728,720,23.166,minnow,1,Red Rock Crab,Cancer productus,CRABRR,invertebrate,123,M,,
KLWK,A,7/27/2020,20200727,810,7/28/2020,2020728,720,23.166,minnow,1,Red Rock Crab,Cancer productus,CRABRR,invertebrate,130,M,,
KLWK,A,7/27/2020,20200727,810,7/28/2020,2020728,720,23.166,minnow,1,Red Rock Crab,Cancer productus,CRABRR,invertebrate,128,M,,
KLWK,A,7/27/2020,20200727,810,7/28/2020,2020728,720,23.166,minnow,1,Red Rock Crab,Cancer productus,CRABRR,invertebrate,125,M,,
KLWK,A,7/27/2020,20200727,810,7/28/2020,2020728,720,23.166,minnow,1,Staghorn Sculpin,Leptocottus armatus,SCULPSTG,fish,NA,NA,246,
KLWK,A,7/27/2020,20200727,810,7/28/2020,2020728,720,23.166,minnow,1,Staghorn Sculpin,Leptocottus armatus,SCULPSTG,fish,NA,NA,270,
KLWK,A,7/27/2020,20200727,810,7/28/2020,2020728,720,23.166,minnow,2,Red Rock Crab,Cancer productus,CRABRR,invertebrate,132,M,,
KLWK,A,7/27/2020,20200727,810,7/28/2020,2020728,720,23.166,minnow,2,Red Rock Crab,Cancer productus,CRABRR,invertebrate,171,M,,
KLWK,A,7/27/2020,20200727,810,7/28/2020,2020728,720,23.166,minnow,3,Decorator Crab,Oregonia gracilis,CRABDEC,invertebrate,18,M,,
NPASS,A,07/28/2020,20200728,1150,07/29/2020,20200729,1105,23.166,minnow,1,Staghorn Sculpin,Leptocottus armatus,SCULPSTG,fish,NA,NA,196,
NPASS,A,07/28/2020,20200728,1150,07/29/2020,20200729,1105,23.166,minnow,2,Red Rock Crab,Cancer productus,CRABRR,invertebrate,111,F,,
NPASS,A,07/28/2020,20200728,1150,07/29/2020,20200729,1105,23.166,minnow,3,Red Rock Crab,Cancer productus,CRABRR,invertebrate,173,NA,,
NPASS,A,07/28/2020,20200728,1150,07/29/2020,20200729,1105,23.166,minnow,3,Staghorn Sculpin,Leptocottus armatus,SCULPSTG,fish,NA,NA,225,
NPASS,A,07/28/2020,20200728,1150,07/29/2020,20200729,1105,23.166,minnow,3,Staghorn Sculpin,Leptocottus armatus,SCULPSTG,fish,NA,NA,172,
NPASS,A,07/28/2020,20200728,1150,07/29/2020,20200729,1105,23.166,minnow,3,Staghorn Sculpin,Leptocottus armatus,SCULPSTG,fish,NA,NA,133,
NPASS,A,07/28/2020,20200728,1150,07/29/2020,20200729,1105,23.166,minnow,3,Staghorn Sculpin,Leptocottus armatus,SCULPSTG,fish,NA,NA,198,
NPASS,A,07/28/2020,20200728,1150,07/29/2020,20200729,1105,23.166,minnow,3,Staghorn Sculpin,Leptocottus armatus,SCULPSTG,fish,NA,NA,196,
NPASS,A,07/28/2020,20200728,1150,07/29/2020,20200729,1105,23.166,minnow,3,Slender Rock Crab,Metacarcinus gracilis,CRABGRA,invertebrate,82,M,,
NPASS,A,07/28/2020,20200728,1150,07/29/2020,20200729,1105,23.166,minnow,3,Slender Rock Crab,Metacarcinus gracilis,CRABGRA,invertebrate,82,M,,
SODA,A,07/28/2020,20200728,1620,07/29/2020,20200729,1650,24.5,minnow,1,Slender Rock Crab,Metacarcinus gracilis,CRABGRA,invertebrate,69,M,,
SODA,A,07/28/2020,20200728,1620,07/29/2020,20200729,1650,24.5,minnow,1,Slender Rock Crab,Metacarcinus gracilis,CRABGRA,invertebrate,64,F,,
SODA,A,07/28/2020,20200728,1620,07/29/2020,20200729,1650,24.5,minnow,2,Slender Rock Crab,Metacarcinus gracilis,CRABGRA,invertebrate,68,M,,
SODA,A,07/28/2020,20200728,1620,07/29/2020,20200729,1650,24.5,minnow,2,Staghorn Sculpin,Leptocottus armatus,SCULPSTG,fish,NA,NA,241,
SODA,A,07/28/2020,20200728,1620,07/29/2020,20200729,1650,24.5,minnow,2,Staghorn Sculpin,Leptocottus armatus,SCULPSTG,fish,NA,NA,249,
SODA,A,07/28/2020,20200728,1620,07/29/2020,20200729,1650,24.5,minnow,2,Staghorn Sculpin,Leptocottus armatus,SCULPSTG,fish,NA,NA,283,
SODA,A,07/28/2020,20200728,1620,07/29/2020,20200729,1650,24.5,minnow,2,Slender Rock Crab,Metacarcinus gracilis,CRABGRA,invertebrate,76,M,,
SODA,A,07/28/2020,20200728,1620,07/29/2020,20200729,1650,24.5,minnow,2,Slender Rock Crab,Metacarcinus gracilis,CRABGRA,invertebrate,67,M,,
SODA,A,07/28/2020,20200728,1620,07/29/2020,20200729,1650,24.5,minnow,2,Slender Rock Crab,Metacarcinus gracilis,CRABGRA,invertebrate,43,F,,
SODA,A,07/28/2020,20200728,1620,07/29/2020,20200729,1650,24.5,minnow,3,Slender Rock Crab,Metacarcinus gracilis,CRABGRA,invertebrate,80,M,,
SODA,A,07/28/2020,20200728,1620,07/29/2020,20200729,1650,24.5,minnow,2,Slender Rock Crab,Metacarcinus gracilis,CRABGRA,invertebrate,67,M,,
SODA,A,07/28/2020,20200728,1620,07/29/2020,20200729,1650,24.5,minnow,2,Slender Rock Crab,Metacarcinus gracilis,CRABGRA,invertebrate,74,M,,
SODA,A,07/28/2020,20200728,1620,07/29/2020,20200729,1650,24.5,minnow,2,Slender Rock Crab,Metacarcinus gracilis,CRABGRA,invertebrate,92,M,,
SODA,A,07/28/2020,20200728,1620,07/29/2020,20200729,1650,24.5,minnow,2,Red Rock Crab,Cancer productus,CRABRR,invertebrate,54,M,,
SODA,A,07/28/2020,20200728,1620,07/29/2020,20200729,1650,24.5,minnow,2,Slender Rock Crab,Metacarcinus gracilis,CRABGRA,invertebrate,62,F,,
SODA,A,07/28/2020,20200728,1620,07/29/2020,20200729,1650,24.5,minnow,3,Copper Rockfish,Sebastes caurinus,ROCKCOP,fish,NA,NA,235,
SODA,A,07/28/2020,20200728,1620,07/29/2020,20200729,1650,24.5,minnow,2,Staghorn Sculpin,Leptocottus armatus,SCULPSTG,fish,NA,NA,195,
FARA,A,07/28/2020,20200728,1535,07/29/2020,20200729,1545,24.166,minnow,1,Slender Rock Crab,Metacarcinus gracilis,CRABGRA,invertebrate,94,M,,
FARA,A,07/28/2020,20200728,1535,07/29/2020,20200729,1545,24.166,minnow,1,Red Rock Crab,Cancer productus,CRABGRA,invertebrate,113,M,,
FARA,A,07/28/2020,20200728,1535,07/29/2020,20200729,1545,24.166,minnow,2,Staghorn Sculpin,Leptocottus armatus,SCULPSTG,fish,NA,NA,201,
FARA,A,07/28/2020,20200728,1535,07/29/2020,20200729,1545,24.166,minnow,2,Staghorn Sculpin,Leptocottus armatus,SCULPSTG,fish,NA,NA,311,
FARA,A,07/28/2020,20200728,1535,07/29/2020,20200729,1545,24.166,minnow,2,Helmet Crab,Telmessus cheiragonus,CRABHEL,invertebrate,88,NA,,
FARA,A,07/28/2020,20200728,1535,07/29/2020,20200729,1545,24.166,minnow,3,Slender Rock Crab,Metacarcinus gracilis,CRABGRA,invertebrate,89,M,,
REFU,A,08/05/2020,20200805,1410,08/06/2020,20200806,1410,24,minnow,2,Decorator Crab,Oregonia gracilis,CRABDEC,invertebrate,57,F,,GET PHOTO FROM MARK
REFU,A,08/05/2020,20200805,1410,08/06/2020,20200806,1410,24,minnow,3,Slender Rock Crab,Metacarcinus gracilis,CRABGRA,invertebrate,75,F,,
REFU,A,08/05/2020,20200805,1410,08/06/2020,20200806,1410,24,minnow,3,Slender Rock Crab,Metacarcinus gracilis,CRABGRA,invertebrate,77,M,,
REFU,A,08/05/2020,20200805,1410,08/06/2020,20200806,1410,24,minnow,3,Staghorn Sculpin,Leptocottus armatus,SCULPSTG,fish,NA,NA,200,
REFU,A,08/05/2020,20200805,1410,08/06/2020,20200806,1410,24,pot,3,Dungeness Crab,Metacarcinus magister,CRABDUN,invertebrate,174,M,,
NFEI,A,07/07/2020,20200707,1620,07/08/2020,20200708,1230,20.166,minnow,1,Staghorn Sculpin,Leptocottus armatus,SCULPSTG,fish,NA,NA,226,
NFEI,A,07/07/2020,20200707,1620,07/08/2020,20200708,1230,20.166,minnow,1,Helmet Crab,Telmessus cheiragonus,CRABHEL,invertebrate,54,M,,
NFEI,A,07/07/2020,20200707,1620,07/08/2020,20200708,1230,20.166,minnow,2,Red Rock Crab,Cancer productus,CRABRR,invertebrate,122,M,,
NFEI,A,07/07/2020,20200707,1620,07/08/2020,20200708,1230,20.166,minnow,2,Staghorn Sculpin,Leptocottus armatus,SCULPSTG,fish,NA,NA,113,
NFEI,A,07/07/2020,20200707,1620,07/08/2020,20200708,1230,20.166,minnow,3,Staghorn Sculpin,Leptocottus armatus,SCULPSTG,fish,NA,NA,220,
NFEI,A,07/07/2020,20200707,1620,07/08/2020,20200708,1230,20.166,minnow,3,Staghorn Sculpin,Leptocottus armatus,SCULPSTG,fish,NA,NA,204,
NFEI,A,07/07/2020,20200707,1620,07/08/2020,20200708,1230,20.166,minnow,3,Staghorn Sculpin,Leptocottus armatus,SCULPSTG,fish,NA,NA,244,
NFEI,A,07/07/2020,20200707,1620,07/08/2020,20200708,1230,20.166,minnow,3,Whitespotted Greenling,Hexagrammos stellleri,GREENWHI,fish,NA,NA,201,
SFEI,A,07/07/2020,20200707,1440,07/08/2020,20200708,1130,20.833,minnow,1,Slender Rock Crab,Metacarcinus gracilis,CRABGRA,invertebrate,65,F,,
SFEI,A,07/07/2020,20200707,1440,07/08/2020,20200708,1130,20.833,minnow,1,Staghorn Sculpin,Leptocottus armatus,SCULPSTG,fish,NA,NA,238,
SFEI,A,07/07/2020,20200707,1440,07/08/2020,20200708,1130,20.833,minnow,1,Crescent Gunnel,Pholis laeta,GUNNCRE,fish,NA,NA,163,
SFEI,A,07/07/2020,20200707,1440,07/08/2020,20200708,1130,20.833,minnow,2,Staghorn Sculpin,Leptocottus armatus,SCULPSTG,fish,NA,NA,311,
BLAQ,A,07/08/2020,20200708,1630,07/09/2020,20200709,1220,19.833,minnow,1,Helmet Crab,Telmessus cheiragonus,CRABHEL,invertebrate,61,F,,
BLAQ,A,07/08/2020,20200708,1630,07/09/2020,20200709,1220,19.833,minnow,2,Copper Rockfish,Sebastes caurinus,ROCKCOP,fish,NA,NA,290,
BLAQ,A,07/08/2020,20200708,1630,07/09/2020,20200709,1220,19.833,minnow,2,Helmet Crab,Telmessus cheiragonus,CRABHEL,invertebrate,49,M,NA,
BLAQ,A,07/08/2020,20200708,1630,07/09/2020,20200709,1220,19.833,minnow,3,Copper Rockfish,Sebastes caurinus,ROCKCOP,fish,NA,NA,158,
BLAQ,A,07/08/2020,20200708,1630,07/09/2020,20200709,1220,19.833,minnow,3,Dungeness Crab,Metacarcinus magister,CRABDUN,invertebrate,69,M,NA,
GARC,A,07/08/2020,20200708,1420,07/09/2020,20200709,1050,18.5,minnow,1,Staghorn Sculpin,Leptocottus armatus,SCULPSTG,fish,NA,NA,182,
GARC,A,07/08/2020,20200708,1420,07/09/2020,20200709,1050,18.5,minnow,2,Helmet Crab,Telmessus cheiragonus,CRABHEL,invertebrate,37,M,NA,
GARC,A,07/08/2020,20200708,1420,07/09/2020,20200709,1050,18.5,minnow,3,Staghorn Sculpin,Leptocottus armatus,SCULPSTG,fish,NA,NA,183,
NAUK,A,07/09/2020,20200709,1400,07/10/2020,20200710,1240,22.666,minnow,1,Staghorn Sculpin,Leptocottus armatus,SCULPSTG,fish,NA,NA,151,
NAUK,A,07/09/2020,20200709,1400,07/10/2020,20200710,1240,22.666,minnow,2,Slender Rock Crab,Metacarcinus gracilis,CRABGRA,invertebrate,41,M,NA,
NAUK,A,07/09/2020,20200709,1400,07/10/2020,20200710,1240,22.666,minnow,3,Slender Rock Crab,Metacarcinus gracilis,CRABGRA,invertebrate,47,F,NA,
CHUS,A,07/09/2020,20200709,1500,07/10/2020,20200710,1420,23.333,minnow,1,Staghorn Sculpin,Leptocottus armatus,SCULPSTG,fish,NA,NA,125,
CHUS,A,07/09/2020,20200709,1500,07/10/2020,20200710,1420,23.333,minnow,1,Slender Rock Crab,Metacarcinus gracilis,CRABGRA,invertebrate,53,M,,
CHUS,A,07/09/2020,20200709,1500,07/10/2020,20200710,1420,23.333,minnow,1,Slender Rock Crab,Metacarcinus gracilis,CRABGRA,invertebrate,56,M,,
CHUS,A,07/09/2020,20200709,1500,07/10/2020,20200710,1420,23.333,minnow,3,Staghorn Sculpin,Leptocottus armatus,SCULPSTG,fish,NA,NA,186,
CHUS,A,07/09/2020,20200709,1500,07/10/2020,20200710,1420,23.333,minnow,3,Slender Rock Crab,Metacarcinus gracilis,CRABGRA,invertebrate,47,M,NA,
CHUS,A,07/09/2020,20200709,1500,07/10/2020,20200710,1420,23.333,minnow,3,Slender Rock Crab,Metacarcinus gracilis,CRABGRA,invertebrate,44,M,NA,
CHUS,A,07/09/2020,20200709,1500,07/10/2020,20200710,1420,23.333,minnow,3,Helmet Crab,Telmessus cheiragonus,CRABHEL,invertebrate,57,F,NA,
KAGK,A,07/10/2020,20200710,1510,07/11/2020,20200711,1700,25.833,minnow,1,Helmet Crab,Telmessus cheiragonus,CRABHEL,invertebrate,59,F,NA,
KAGK,A,07/10/2020,20200710,1510,07/11/2020,20200711,1700,25.833,minnow,1,Helmet Crab,Telmessus cheiragonus,CRABHEL,invertebrate,67,M,NA,
KAGK,A,07/10/2020,20200710,1510,07/11/2020,20200711,1700,25.833,minnow,1,Helmet Crab,Telmessus cheiragonus,CRABHEL,invertebrate,67,F,NA,
KAGK,A,07/10/2020,20200710,1510,07/11/2020,20200711,1700,25.833,minnow,2,Slender Rock Crab,Metacarcinus gracilis,CRABGRA,invertebrate,45,F,NA,
KAGK,A,07/10/2020,20200710,1510,07/11/2020,20200711,1700,25.833,minnow,2,Staghorn Sculpin,Leptocottus armatus,SCULPSTG,fish,NA,NA,217,
KAGK,A,07/10/2020,20200710,1510,07/11/2020,20200711,1700,25.833,minnow,3,Slender Rock Crab,Metacarcinus gracilis,CRABGRA,invertebrate,68,M,NA,
SALA,A,07/11/2020,20200711,1230,07/12/2020,20200712,1420,25.833,minnow,2,Staghorn Sculpin,Leptocottus armatus,SCULPSTG,fish,NA,NA,123,
SALA,A,07/11/2020,20200711,1230,07/12/2020,20200712,1420,25.833,minnow,2,Slender Rock Crab,Metacarcinus gracilis,CRABGRA,invertebrate,65,F,NA,
SALA,A,07/11/2020,20200711,1230,07/12/2020,20200712,1420,25.833,minnow,2,Slender Rock Crab,Metacarcinus gracilis,CRABGRA,invertebrate,61,M,NA,
SALA,A,07/11/2020,20200711,1230,07/12/2020,20200712,1420,25.833,minnow,2,Slender Rock Crab,Metacarcinus gracilis,CRABGRA,invertebrate,54,M,NA,
SALA,A,07/11/2020,20200711,1230,07/12/2020,20200712,1420,25.833,minnow,2,Slender Rock Crab,Metacarcinus gracilis,CRABGRA,invertebrate,54,M,NA,
SALA,A,07/11/2020,20200711,1230,07/12/2020,20200712,1420,25.833,minnow,2,Slender Rock Crab,Metacarcinus gracilis,CRABGRA,invertebrate,65,M,NA,
SALA,A,07/11/2020,20200711,1230,07/12/2020,20200712,1420,25.833,minnow,2,Slender Rock Crab,Metacarcinus gracilis,CRABGRA,invertebrate,64,M,NA,
SALA,A,07/11/2020,20200711,1230,07/12/2020,20200712,1420,25.833,minnow,3,Slender Rock Crab,Metacarcinus gracilis,CRABGRA,invertebrate,71,M,NA,
SALA,A,07/11/2020,20200711,1230,07/12/2020,20200712,1420,25.833,minnow,3,Slender Rock Crab,Metacarcinus gracilis,CRABGRA,invertebrate,64,F,NA,
SALA,A,07/11/2020,20200711,1230,07/12/2020,20200712,1420,25.833,minnow,3,Decorator Crab,Oregonia gracilis,CRABDEC,invertebrate,19,F,NA,
GUTK,A,07/10/2020,20200710,1620,07/11/2020,20200711,1730,25.166,minnow,1,Slender Rock Crab,Metacarcinus gracilis,CRABGRA,invertebrate,43,F,NA,
GUKT,A,07/10/2020,20200710,1620,07/11/2020,20200711,1730,25.166,minnow,1,Slender Rock Crab,Metacarcinus gracilis,CRABGRA,invertebrate,54,M,NA,
GUKT,A,07/10/2020,20200710,1620,07/11/2020,20200711,1730,25.166,minnow,2,Slender Rock Crab,Metacarcinus gracilis,CRABGRA,invertebrate,66,M,NA,
HECA,A,07/11/2020,20200711,1900,07/12/2020,20200712,1620,21.333,minnow,1,Staghorn Sculpin,Leptocottus armatus,SCULPSTG,fish,NA,NA,191,
HECA,A,07/11/2020,20200711,1900,07/12/2020,20200712,1620,21.333,minnow,1,Slender Rock Crab,Metacarcinus gracilis,CRABGRA,invertebrate,48,M,NA,
HECA,A,07/11/2020,20200711,1900,07/12/2020,20200712,1620,21.333,minnow,2,Slender Rock Crab,Metacarcinus gracilis,CRABGRA,invertebrate,57,M,NA,
HECA,A,07/11/2020,20200711,1900,07/12/2020,20200712,1620,21.333,minnow,2,Slender Rock Crab,Metacarcinus gracilis,CRABGRA,invertebrate,54,M,NA,
HECA,A,07/11/2020,20200711,1900,07/12/2020,20200712,1620,21.333,minnow,2,Helmet Crab,Telmessus cheiragonus,CRABHEL,invertebrate,54,M,NA,
HECA,A,07/11/2020,20200711,1900,07/12/2020,20200712,1620,21.333,minnow,2,Slender Rock Crab,Metacarcinus gracilis,CRABGRA,invertebrate,39,M,NA,
HECA,A,07/11/2020,20200711,1900,07/12/2020,20200712,1620,21.333,minnow,1,Slender Rock Crab,Metacarcinus gracilis,CRABGRA,invertebrate,57,M,NA,
NOSK,A,07/11/2020,20200711,1810,07/12/2020,20200712,1540,21.333,minnow,1,Slender Rock Crab,Metacarcinus gracilis,CRABGRA,invertebrate,54,M,NA,
NOSK,A,07/11/2020,20200711,1810,07/12/2020,20200712,1540,21.333,minnow,1,Helmet Crab,Telmessus cheiragonus,CRABHEL,invertebrate,57,M,NA,
NOSK,A,07/11/2020,20200711,1810,07/12/2020,20200712,1620,21.333,minnow,1,Helmet Crab,Telmessus cheiragonus,CRABHEL,invertebrate,65,M,NA,
NOSK,A,07/11/2020,20200711,1810,07/12/2020,20200712,1620,21.333,minnow,2,Helmet Crab,Telmessus cheiragonus,CRABHEL,invertebrate,62,F,NA,
NOSK,A,07/11/2020,20200711,1810,07/12/2020,20200712,1620,21.333,minnow,2,Slender Rock Crab,Metacarcinus gracilis,CRABGRA,invertebrate,52,M,NA,
NOSK,A,07/11/2020,20200711,1810,07/12/2020,20200712,1620,21.333,minnow,2,Slender Rock Crab,Metacarcinus gracilis,CRABGRA,invertebrate,56,M,NA,
NOSK,A,07/11/2020,20200711,1810,07/12/2020,20200712,1620,21.333,minnow,2,Slender Rock Crab,Metacarcinus gracilis,CRABGRA,invertebrate,69,M,NA,
NOSK,A,07/11/2020,20200711,1810,07/12/2020,20200712,1620,21.333,minnow,2,Slender Rock Crab,Metacarcinus gracilis,CRABGRA,invertebrate,69,M,NA,
NOSK,A,07/11/2020,20200711,1810,07/12/2020,20200712,1620,21.333,Pot,2,Helmet Crab,Telmessus cheiragonus,CRABHEL,invertebrate,45,F,NA,
NOSK,A,07/11/2020,20200711,1810,07/12/2020,20200712,1620,21.333,minnow,2,Slender Rock Crab,Metacarcinus gracilis,CRABGRA,invertebrate,56,M,NA,
NOSK,A,07/11/2020,20200711,1810,07/12/2020,20200712,1620,21.333,minnow,2,Graceful Kelp Crab,Pugettia gracilis,CRABGKE,invertebrate,46,M,NA,
NOSK,A,07/11/2020,20200711,1810,07/12/2020,20200712,1620,21.333,minnow,3,Slender Rock Crab,Metacarcinus gracilis,CRABGRA,invertebrate,57,M,NA,
NOSK,A,07/11/2020,20200711,1810,07/12/2020,20200712,1620,21.333,minnow,3,Slender Rock Crab,Metacarcinus gracilis,CRABGRA,invertebrate,53,M,NA,